title,company,location,semantic_similarity,first_seen_date,url
Category Manager On Site Experience,Falabella Retail,"Las Condes, Metropolitana, Chile",0.4677,2026-10-02,https://falabella.airavirtual.com/postula/EZRJdLEUfmpfh7U56LHg?logged_action=apply&register=true
Bodegueros/as Full Time - Providencia,Preunic,"Providencia, Metropolitana de Santiago",0.4287,2026-10-02,https://salcobrand.trabajando.cl/trabajo-empleo/bodegueros-as-full-time-providencia/trabajo/6132018
Category Manager Mundo Bebé,Falabella Retail,"Las Condes, Metropolitana, Chile",0.428,2026-10-02,https://falabella.airavirtual.com/postula/Cfr0sa7R0KmdKJvvOHHl?logged_action=apply&register=true
Op Prevención Pérdida Sodimac HC Estación Central FT42hrs,Sodimac,"Estación Central, Metropolitana, Chile",0.4192,2026-10-02,https://falabella.airavirtual.com/postula/cpHIGugcbW0TxKlTQPJd?logged_action=apply&register=true
DermoSkin Full Time - Preunic Mall Plaza Iquique,Preunic,"Iquique, Tarapacá",0.4099,2026-10-02,https://salcobrand.trabajando.cl/trabajo-empleo/dermoskin-full-time-preunic-mall-plaza-iquique/trabajo/6132031
Supervisor Centro Distribución Vespucio (reemplazo pre-post natal) Logística Cencosud,cencosud,"Santiago, REGIÓN METROPOLITANA, CL",0.4082,2026-10-02,https://cencosud.csod.com/ux/ats/careersite/5/home/requisition/15185?c=cencosud
"Asesor/a de Clientes / Full Time 42 Hrs, 5x2 / Clarks Costanera",Falabella Retail,"Las Condes, Metropolitana, Chile",0.4077,2026-10-02,https://falabella.airavirtual.com/postula/FNeIICMeVBWNnVMEjAK4?logged_action=apply&register=true
Jefe/a de Arquitectura Tecnológica,Empresas SB,"Providencia, Metropolitana de Santiago",0.4076,2026-10-02,https://salcobrand.trabajando.cl/trabajo-empleo/jefe-a-de-arquitectura-tecnologica/trabajo/6131818
Product Manager,SMU,"Las Condes, Metropolitana de Santiago",0.3988,2026-10-02,https://smu.trabajando.cl/trabajo-empleo/product-manager/trabajo/6131834
Asesor/a de Cliente Especialista/ Jornada Full Time Lunes a Viernes 42 hrs/Falabella Mall Plaza Copiapó,Falabella Retail,"Copiapó, Atacama, Chile",0.3951,2026-10-02,https://falabella.airavirtual.com/postula/sSnMytRUbimPBY569vFX?logged_action=apply&register=true
Analista de Última Milla - Mercado Envíos,mercadolibre,"Región Metropolitana de Santiago,Chile",0.3928,2026-10-02,https://mercadolibre.eightfold.ai/careers/job/44648792
"Jefe/a Departamento Ventas, FT, SHC EL BOSQUE",Sodimac,"El Bosque, Metropolitana, Chile",0.3844,2026-10-02,https://falabella.airavirtual.com/postula/B4mlV15ygyqtpG9TZkcc?logged_action=apply&register=true
"Ejecutivo/a Integral, Full Time 40hrs. Mall Plaza Norte.",Banco Falabella,"Santiago, Metropolitana, Chile",0.3831,2026-10-02,https://falabella.airavirtual.com/postula/PobRzsvgEmMGhDYDlCX2?logged_action=apply&register=true
Analista Senior de Proveedores Logísticos - Mercado Envíos,mercadolibre,"Región Metropolitana de Santiago,Chile",0.378,2026-10-02,https://mercadolibre.eightfold.ai/careers/job/44645967
"Sr. AI Security Solutions Architect, AWS",amazon,"CL, RM, Comuna De Providencia",0.3774,2026-10-02,https://www.amazon.jobs/en/jobs/10566937/sr-ai-security-solutions-architect-aws
Asistente de Bodega/ Full Time 5x2 rotativos 42 hrs semanales/ Falabella Arauco Maipú,Falabella Retail,"Santiago, Metropolitana, Chile",0.3732,2026-10-02,https://falabella.airavirtual.com/postula/VvNIgeKZSK6kYxpmURp5?logged_action=apply&register=true
Bodeguero/a Plan Navidad  Preunic Los Andes,Preunic,"Los Andes, Valparaíso",0.3695,2026-10-02,https://salcobrand.trabajando.cl/trabajo-empleo/bodeguero-a-plan-navidad-preunic-los-andes/trabajo/6132078
Asistente de Bodega/ Jornada Full Time 5x2 rotativos 42 hrs semanales/ Falabella La Dehesa,Falabella Retail,"Santiago, Metropolitana, Chile",0.3678,2026-10-02,https://falabella.airavirtual.com/postula/ilBcY49jelUTutcpS89L?logged_action=apply&register=true
Asesor/a de Cliente/ Jornada Part Time Flex 20 Hrs semanales/ Falabella Viña mall,Falabella Retail,"Viña del Mar, Valparaíso, Chile",0.3666,2026-10-02,https://falabella.airavirtual.com/postula/QAOjZynMPzqaivx30Yqk?logged_action=apply&register=true
SUPERVISOR/A DE CAJAS FT EL BOSQUE,Sodimac,"El Bosque, Metropolitana, Chile",0.3645,2026-10-02,https://falabella.airavirtual.com/postula/JNm15z0jG2ZweLdJ1272?logged_action=apply&register=true
Bodeguero/a Plan Navidad | Preunic | Encomenderos,Preunic,"Las Condes, Metropolitana de Santiago",0.3638,2026-10-02,https://salcobrand.trabajando.cl/trabajo-empleo/bodeguero-a-plan-navidad-preunic-encomenderos/trabajo/6131762
"Encargado/a de Ventas, Full Time, Mango Temuco",Falabella Retail,"Temuco, Araucanía, Chile",0.3625,2026-10-02,https://falabella.airavirtual.com/postula/B51v2d11ZNDOuGEfLzTr?logged_action=apply&register=true
Aprendiz Jefe/a de Local - Valdivia - $650.000.-,SMU,"Valdivia, Los Ríos",0.3606,2026-10-02,https://smu.trabajando.cl/trabajo-empleo/aprendiz-jefe-a-de-local-valdivia-650-000/trabajo/6131927
Tech Lead,Falabella Corporativo,"Santiago, Metropolitana, Chile",0.3605,2026-10-02,https://falabella.airavirtual.com/postula/XdIdZNiRaoJWJ1h3Ch3O?logged_action=apply&register=true
Subgerente Comunicaciones Internas y Cultura,Falabella Corporativo,"Las Condes, Metropolitana, Chile",0.3567,2026-10-02,https://falabella.airavirtual.com/postula/MGFPzfCsskt9xtfoK4Fu?logged_action=apply&register=true
Asistente de Bodega/ Media Jornada Tarde 30 hrs semanales 5x2 rotativos/ Falabella San Felipe,Falabella Retail,"Calera, Valparaíso, Chile",0.3535,2026-10-02,https://falabella.airavirtual.com/postula/LQclJt2nODYEAKWsOVI4?logged_action=apply&register=true
Atención en Probadores y Cajas de Autoservicio /Jornada Part Time sábados y domingos 20 hrs semanales/ Falabella Valdivia,Falabella Retail,"Valdivia, Los Ríos, Chile",0.3504,2026-10-02,https://falabella.airavirtual.com/postula/Nu5mAtTS1jCcmSD299UC?logged_action=apply&register=true
Operario/a Planta de Producción Copería y Aseo - San Bernardo,Cantabria,"San Bernardo, Metropolitana de Santiago",0.3491,2026-10-02,https://carozzi.trabajando.cl/trabajo-empleo/operario-a-planta-de-produccion-coperia-y-aseo-san-bernardo/trabajo/6131909
Bodeguero/a Plan Navidad  Preunic Calera,Preunic,"Coquimbo, Coquimbo",0.3486,2026-10-02,https://salcobrand.trabajando.cl/trabajo-empleo/bodeguero-a-plan-navidad-preunic-calera/trabajo/6132051
"Encargado/a de Ventas, Full Time, Aldo Los Dominicos",Falabella Retail,"Las Condes, Metropolitana, Chile",0.3484,2026-10-02,https://falabella.airavirtual.com/postula/m3RK5Is3bvWvXqskx0Jd?logged_action=apply&register=true
Bodeguero/a Plan Navidad  Preunic Iquique,Empresas SB,"Iquique, Tarapacá",0.3477,2026-10-02,https://salcobrand.trabajando.cl/trabajo-empleo/bodeguero-a-plan-navidad-preunic-iquique/trabajo/6131876
"Jefe/a Departamento Ventas, FT, HC Huechuraba",Sodimac,"Huechuraba, Metropolitana, Chile",0.3456,2026-10-02,https://falabella.airavirtual.com/postula/Fhfq2CvXsC8hCylbzmQx?logged_action=apply&register=true
Bodeguero/a Plan Navidad  Preunic Calama,Empresas SB,"Calama, Antofagasta",0.3448,2026-10-02,https://salcobrand.trabajando.cl/trabajo-empleo/bodeguero-a-plan-navidad-preunic-calama/trabajo/6131802
Bodeguero/a Plan Navidad  Preunic Antofagasta,Preunic,"Antofagasta, Antofagasta",0.3414,2026-10-02,https://salcobrand.trabajando.cl/trabajo-empleo/bodeguero-a-plan-navidad-preunic-antofagasta/trabajo/6131832
Offline Acquisition Big Sellers Chile Sr Analyst,mercadolibre,"Región Metropolitana de Santiago,Chile",0.3413,2026-10-02,https://mercadolibre.eightfold.ai/careers/job/44648323
Asistente de Transporte Monitoreo - Mercado Envíos,mercadolibre,"Región Metropolitana de Santiago,Chile",0.3408,2026-10-02,https://mercadolibre.eightfold.ai/careers/job/44643560
Bodeguero/a Plan Navidad  Preunic Copiapo,Preunic,"Iquique, Tarapacá",0.3384,2026-10-02,https://salcobrand.trabajando.cl/trabajo-empleo/bodeguero-a-plan-navidad-preunic-copiapo/trabajo/6132006
Encargado/a Operaciones - Corredora de Seguros	,SMU,"Las Condes, Metropolitana de Santiago",0.3379,2026-10-02,https://smu.trabajando.cl/trabajo-empleo/encargado-a-operaciones-corredora-de-seguros/trabajo/6131915
Bodeguero/a Plan Navidad  Preunic Coquimbo,Preunic,"Coquimbo, Coquimbo",0.3334,2026-10-02,https://salcobrand.trabajando.cl/trabajo-empleo/bodeguero-a-plan-navidad-preunic-coquimbo/trabajo/6132026
Auditor(a) - Relator(a) de Calidad e Inocuidad Alimentaria (Terreno) - Curicó,SMU,"Curicó, Maule",0.3323,2026-10-02,https://smu.trabajando.cl/trabajo-empleo/auditor-a-relator-a-de-calidad-e-inocuidad-alimentaria-terreno-curico/trabajo/6131907
Asesor/a de Cliente Especialista /Part Time 20 hrs semanales Sabado y Domingo/Falabella Alto las Condes,Falabella Retail,"Santiago, Metropolitana, Chile",0.3305,2026-10-02,https://falabella.airavirtual.com/postula/KT5L6UdtyLMkij91NqOk?logged_action=apply&register=true
Asesor/a de Cliente/ Media Jornada Tarde 25 hrs 5x2 rotativos/ Falabella Antofagasta,Falabella Retail,"Antofagasta, Antofagasta, Chile",0.3284,2026-10-02,https://falabella.airavirtual.com/postula/xuQidIS2UVIsl3xT26k9?logged_action=apply&register=true
Jefe de Turno - Logística - Centro de Distribución,Empresas Carozzi S.A.,"San Bernardo, Metropolitana de Santiago",0.3268,2026-10-02,https://carozzi.trabajando.cl/trabajo-empleo/jefe-de-turno-logistica-centro-de-distribucion/trabajo/6131895
"Encargado/a de Ventas, FT, Americanino Parque Arauco",Falabella Retail,"Las Condes, Metropolitana, Chile",0.326,2026-10-02,https://falabella.airavirtual.com/postula/Wdf3Bz8aAti0MhiBgFPG?logged_action=apply&register=true
Asesor/a de Cliente / Media Jornada Tarde 5X2 rotativo 30 hrs semanales/Falabella Alto las Condes,Falabella Retail,"Santiago, Metropolitana, Chile",0.3249,2026-10-02,https://falabella.airavirtual.com/postula/U9ki0axOWpY6TYWapMqu?logged_action=apply&register=true
Auxiliar de Producción  - Planta lontue,Empresas Carozzi S.A.,"Sagrada Familia, Maule",0.3212,2026-10-02,https://carozzi.trabajando.cl/trabajo-empleo/auxiliar-de-produccion-planta-lontue/trabajo/6131987
Aprendiz Jefe/a de Local - Osorno - $650.000.-,SMU,"Osorno, Los Lagos",0.3208,2026-10-02,https://smu.trabajando.cl/trabajo-empleo/aprendiz-jefe-a-de-local-osorno-650-000/trabajo/6131924
Operativo Tienda Sodimac Temuco Los Pablos Jornada FT42 hrs,Sodimac,"Temuco, Araucanía, Chile",0.3044,2026-10-02,https://falabella.airavirtual.com/postula/3AXlsjbvxgDtCNR4k9DG?logged_action=apply&register=true
Jefe de Sala - Antofagasta - Calama,Salcobrand,"Antofagasta, Antofagasta",0.3008,2026-10-02,https://salcobrand.trabajando.cl/trabajo-empleo/jefe-de-sala-antofagasta-calama/trabajo/6131942
Asesor/a de Cliente SAE/ Media Jornada Tarde 30 hrs semanales 5x2 rotativos/ Falabella Valdivia,Falabella Retail,"Valdivia, Los Ríos, Chile",0.2986,2026-10-02,https://falabella.airavirtual.com/postula/c0f0Dz2cNJwZlaDZmg4g?logged_action=apply&register=true
Consultor/a Belleza Full Time  - Preunic Puente Alto (Reemplazo Licencia),Preunic,"Puente Alto, Metropolitana de Santiago",0.2983,2026-10-02,https://salcobrand.trabajando.cl/trabajo-empleo/consultor-a-belleza-full-time-preunic-puente-alto-reemplazo-licencia/trabajo/6131880
Asistente de Ventas Pulcro/Hunter PT30HRS - Alto las Condes,cencosud,"Santiago, REGION METROPOLITANA, CL",0.2885,2026-10-02,https://cencosud.csod.com/ux/ats/careersite/5/home/requisition/15183?c=cencosud
Dermoconsejero/a Multifunción - Talca,Salcobrand,"Talca, Maule",0.2848,2026-10-02,https://salcobrand.trabajando.cl/trabajo-empleo/dermoconsejero-a-multifuncion-talca/trabajo/6132024
Operativo Tienda Sodimac HC Huechuraba Jornada FT42 hrs,Sodimac,"Huechuraba, Metropolitana, Chile",0.2823,2026-10-02,https://falabella.airavirtual.com/postula/EJ5wQr2kECKH5hvhUrA2?logged_action=apply&register=true
Insertar cargoSubgerente de Ventas PK (Fin de Semana) - Paris Ovalle,cencosud,"Ovalle, REGIÓN DE COQUIMBO, CL",0.1917,2026-10-02,https://cencosud.csod.com/ux/ats/careersite/5/home/requisition/15182?c=cencosud
Analista de Operaciones Financieras,Ripley,,0.1762,2026-10-02,https://ripley.csod.com/ux/ats/careersite/4/home/requisition/26681?c=ripley
Agente de Seguros,Ripley,,0.126,2026-10-02,https://ripley.csod.com/ux/ats/careersite/4/home/requisition/30668?c=ripley
Subgerente de Productos Digitales,Ripley,,0.1143,2026-10-02,https://ripley.csod.com/ux/ats/careersite/4/home/requisition/30625?c=ripley
Analista Pagos y Desarrollo Op Mktplace,Ripley,,0.1124,2026-10-02,https://ripley.csod.com/ux/ats/careersite/4/home/requisition/29971?c=ripley
Jefe Seguridad de la Información,Ripley,,0.103,2026-10-02,https://ripley.csod.com/ux/ats/careersite/4/home/requisition/29372?c=ripley
Jefe Comercial PT,Ripley,,0.0856,2026-10-02,https://ripley.csod.com/ux/ats/careersite/4/home/requisition/30559?c=ripley
Ejecutivo Comercial,Ripley,,0.0829,2026-10-02,https://ripley.csod.com/ux/ats/careersite/4/home/requisition/16231?c=ripley
Product Manager Digitalización,Falabella Retail,"Las Condes, Metropolitana, Chile",0.4816,2026-10-01,https://falabella.airavirtual.com/postula/S2vujJP3BCdqm2ZMcVcn?logged_action=apply&register=true
Programa Trainee Administrador(a) Tienda -Arica,SMU,"Arica, Arica y Parinacota",0.4776,2026-10-01,https://smu.trabajando.cl/trabajo-empleo/programa-trainee-administrador-a-tienda-arica/trabajo/6130678
Manager Food Ikea Parque Arauco,IKEA,"Las Condes, Metropolitana, Chile",0.4595,2026-10-01,https://falabella.airavirtual.com/postula/kY8XRQEir8wynNe8dB82?logged_action=apply&register=true
Coordinador Visual Merchandising - Puchuncaví,abc,"Puchuncaví, Valparaíso",0.4468,2026-10-01,https://abcdin.trabajando.cl/trabajo-empleo/coordinador-visual-merchandising-puchuncavi/trabajo/6131278
Analista Senior de Operaciones,Banco Falabella,"Santiago, Metropolitana, Chile",0.4411,2026-10-01,https://falabella.airavirtual.com/postula/CL2yApWQzRKoHfcnG1qc?logged_action=apply&register=true
"Experto/a Seguridad y Salud Ocupacional, SHC Chicureo",Sodimac,"Colina, Metropolitana, Chile",0.4408,2026-10-01,https://falabella.airavirtual.com/postula/qT21kyguWloU3lTAkjHL?logged_action=apply&register=true
Jefe/a de Centro Financiero - Gran Avenida,abc,"Providencia, Metropolitana de Santiago",0.4405,2026-10-01,https://abcdin.trabajando.cl/trabajo-empleo/jefe-a-de-centro-financiero-gran-avenida/trabajo/6132095
Atención en Probadores y Cajas de Autoservicio/ Jornada Full Time Lunes a Viernes 42 hrs semanales/ Falabella Viña Mall,Falabella Retail,"Viña del Mar, Valparaíso, Chile",0.4367,2026-10-01,https://falabella.airavirtual.com/postula/cAJS0tOTO4v5WsH0gFw9?logged_action=apply&register=true
Software Engineer Backend en Product ADs Supply,mercadolibre,"Santiago,Chile",0.4355,2026-10-01,https://mercadolibre.eightfold.ai/careers/job/44722161
Analista Senior de Desarrollo Organizacional - Proyecto,Empresas SB,"Santiago, Metropolitana de Santiago",0.4353,2026-10-01,https://salcobrand.trabajando.cl/trabajo-empleo/analista-senior-de-desarrollo-organizacional-proyecto/trabajo/6131411
Data Lead - Santiago,abc,"Providencia, Metropolitana de Santiago",0.4335,2026-10-01,https://abcdin.trabajando.cl/trabajo-empleo/data-lead-santiago/trabajo/6131753
Ingeniero Precio y Demanda,Soprole,"Santiago, Metropolitana de Santiago",0.4323,2026-10-01,https://soprole.trabajando.cl/trabajo-empleo/ingeniero-precio-y-demanda/trabajo/6131712
Analista de Ciberseguridad y Protección de Datos,Empresas SB,"Santiago, Metropolitana de Santiago",0.4312,2026-10-01,https://salcobrand.trabajando.cl/trabajo-empleo/analista-de-ciberseguridad-y-proteccion-de-datos/trabajo/6130840
Asistente de Visual Talca,Tricot S.A.,"Talca, Maule",0.4172,2026-10-01,https://tricot.trabajando.cl/trabajo-empleo/asistente-de-visual-talca/trabajo/6130564
Coordinador Visual Merchandising - Llanquihue,abc,"Llanquihue, Los Lagos",0.4165,2026-10-01,https://abcdin.trabajando.cl/trabajo-empleo/coordinador-visual-merchandising-llanquihue/trabajo/6131274
Jefe/a Comercial - Santiago Centro,Salcobrand,"Santiago, Metropolitana de Santiago",0.4162,2026-10-01,https://salcobrand.trabajando.cl/trabajo-empleo/jefe-a-comercial-santiago-centro/trabajo/6130820
Asistente de Bodega/ Jornada Full Time 5x2 rotativos 42 hrs de lunes a viernes/ Falabella Curicó,Falabella Retail,"Curicó, Maule, Chile",0.4146,2026-10-01,https://falabella.airavirtual.com/postula/nhYFSAH8zbIzWzZh9I0E?logged_action=apply&register=true
Auxiliar de Farmacia Integral Part Time - Las Condes,Salcobrand,"Las Condes, Metropolitana de Santiago",0.4107,2026-10-01,https://salcobrand.trabajando.cl/trabajo-empleo/auxiliar-de-farmacia-integral-part-time-las-condes/trabajo/6130999
Aprendiz Jefe/a de Local - Arica - $650.000.-,SMU,"Arica, Arica y Parinacota",0.4072,2026-10-01,https://smu.trabajando.cl/trabajo-empleo/aprendiz-jefe-a-de-local-arica-650-000/trabajo/6130674
"Analista de Calidad, Gerencia SAC",Falabella Retail,"Las Condes, Metropolitana, Chile",0.4067,2026-10-01,https://falabella.airavirtual.com/postula/0fJk3EzscM7bEl04jt6t?logged_action=apply&register=true
Auxiliar de Farmacia Integral - Sector Oriente RM ,Salcobrand,"Lo Barnechea, Metropolitana de Santiago",0.4066,2026-10-01,https://salcobrand.trabajando.cl/trabajo-empleo/auxiliar-de-farmacia-integral-sector-oriente-rm/trabajo/6131015
Ejecutivo/a de Cuentas CRECCU - Rancagua,CCU,"Rancagua, Lib. Gral. Bdo. O'Higgins, Chile",0.4056,2026-10-01,https://www.trabajaenccu.cl/trabajo/6130516-ejecutivo-a-de-cuentas-creccu-rancagua
Auxiliar de Farmacia Integral Part Time - Iquique,Salcobrand,"Iquique, Tarapacá",0.4053,2026-10-01,https://salcobrand.trabajando.cl/trabajo-empleo/auxiliar-de-farmacia-integral-part-time-iquique/trabajo/6130996
Analista de Pricing Promocional,SMU,"Las Condes, Metropolitana de Santiago",0.4032,2026-10-01,https://smu.trabajando.cl/trabajo-empleo/analista-de-pricing-promocional/trabajo/6131691
Asesor/a Especialista Marca Americanino/ Full Time 5x2 42 hrs semanales/ Falabella Plaza Egaña,Falabella Retail,"Santiago, Metropolitana, Chile",0.4022,2026-10-01,https://falabella.airavirtual.com/postula/Z61ATaoJxfS7Xo8eIcVj?logged_action=apply&register=true
Auditor/a junior,Mallplaza,"Huechuraba, Metropolitana, Chile",0.402,2026-10-01,https://falabella.airavirtual.com/postula/8iL34Biuswa2CMtiUb0l?logged_action=apply&register=true
Auxiliar de Farmacia Integral - Las Condes,Salcobrand,"Las Condes, Metropolitana de Santiago",0.4011,2026-10-01,https://salcobrand.trabajando.cl/trabajo-empleo/auxiliar-de-farmacia-integral-las-condes/trabajo/6130934
Analista Conciliación y Pagos - Unired,SMU,"Las Condes, Metropolitana de Santiago",0.397,2026-10-01,https://smu.trabajando.cl/trabajo-empleo/analista-conciliacion-y-pagos-unired/trabajo/6131491
Auxiliar de Farmacia Integral - Iquique (Licencia prolongada),Salcobrand,"Iquique, Tarapacá",0.3945,2026-10-01,https://salcobrand.trabajando.cl/trabajo-empleo/auxiliar-de-farmacia-integral-iquique-licencia-prolongada/trabajo/6130947
Analista de Administración y Finanzas,Falabella Retail,"Las Condes, Metropolitana, Chile",0.3938,2026-10-01,https://falabella.airavirtual.com/postula/QqRm0UkaFKxM0ERrUavA?logged_action=apply&register=true
Asistente de Probador / Full Time 5x2 Rotativo 42 Hrs. / Falabella Parque Arauco,Falabella Retail,"Las Condes, Metropolitana, Chile",0.3937,2026-10-01,https://falabella.airavirtual.com/postula/ZCnF7A7DLPzC4gY1QV5A?logged_action=apply&register=true
Bodeguero/a Plan Navidad | Preunic | La Calera,Preunic,"Calera, Valparaíso",0.393,2026-10-01,https://salcobrand.trabajando.cl/trabajo-empleo/bodeguero-a-plan-navidad-preunic-la-calera/trabajo/6131017
Dimensionador / Full Time 42 Hrs. 5x2 / HC Chiloe,Sodimac,"Castro, Los Lagos, Chile",0.392,2026-10-01,https://falabella.airavirtual.com/postula/wGlTQLQAJrG1rTHCf1NN?logged_action=apply&register=true
Administrativo de recepción y despacho - Puerto Montt TURNO NOCHE,PF Alimentos,"Puerto Montt, Los Lagos",0.3916,2026-10-01,https://pf.trabajando.cl/trabajo-empleo/administrativo-de-recepcion-y-despacho-puerto-montt-turno-noche/trabajo/6131646
Asesor/a de Marca Mango/ Media Jornada Tarde 30 hrs semanales 5x2 rotativos/ Mango Costanera,Falabella Retail,"Santiago, Metropolitana, Chile",0.3914,2026-10-01,https://falabella.airavirtual.com/postula/CMl9JKezWmgI4kxH6bEn?logged_action=apply&register=true
Auxiliar de Farmacia Integral - Las Condes (Licencia prolongada),Salcobrand,"Las Condes, Metropolitana de Santiago",0.3914,2026-10-01,https://salcobrand.trabajando.cl/trabajo-empleo/auxiliar-de-farmacia-integral-las-condes-licencia-prolongada/trabajo/6130942
Asesor/a de Marca/ Media Jornada Tarde 5x2 rotativo 30hrs semanales/ Americanino Plaza Egaña,Falabella Retail,"Santiago, Metropolitana, Chile",0.3909,2026-10-01,https://falabella.airavirtual.com/postula/yEeMYyV3O2o74qcrB8O5?logged_action=apply&register=true
Guardia de Seguridad con OS10 / Part Time 20 hrs. S/D / Falabella Linares,Falabella Retail,"Linares, Maule, Chile",0.3898,2026-10-01,https://falabella.airavirtual.com/postula/T9n22NeiqqcHWa0UuX4j?logged_action=apply&register=true
"Auxiliar de Farmacia Integral - Parque Arauco, Las Condes (Licencia prolongada)",Salcobrand,"Las Condes, Metropolitana de Santiago",0.3894,2026-10-01,https://salcobrand.trabajando.cl/trabajo-empleo/auxiliar-de-farmacia-integral-parque-arauco-las-condes-licencia-prolongada/trabajo/6130944
"Auxiliar de Farmacia Integral - La Reina, Principe de Gales  (Licencia prolongada)",Salcobrand,"La Reina, Metropolitana de Santiago",0.3887,2026-10-01,https://salcobrand.trabajando.cl/trabajo-empleo/auxiliar-de-farmacia-integral-la-reina-principe-de-gales-licencia-prolongada/trabajo/6130923
Bodeguero/a Plan Navidad | Preunic | Mall del Centro,Preunic,"Santiago, Metropolitana de Santiago",0.3875,2026-10-01,https://salcobrand.trabajando.cl/trabajo-empleo/bodeguero-a-plan-navidad-preunic-mall-del-centro/trabajo/6131256
Especialista Salesforce Marketing Cloud,SMU,"Las Condes, Metropolitana de Santiago",0.386,2026-10-01,https://smu.trabajando.cl/trabajo-empleo/especialista-salesforce-marketing-cloud/trabajo/6131330
Químico(a) Farmacéutico(a) Part Time - Rancagua,Salcobrand,"Rancagua, Lib. Gral. Bdo. O'Higgins",0.3845,2026-10-01,https://salcobrand.trabajando.cl/trabajo-empleo/quimico-a-farmaceutico-a-part-time-rancagua/trabajo/6130838
Consultor/a de DermoSkin Full Time - Copiapó,Preunic,"Copiapó, Atacama",0.3842,2026-10-01,https://salcobrand.trabajando.cl/trabajo-empleo/consultor-a-de-dermoskin-full-time-copiapo/trabajo/6130531
Bodeguero/a Plan Navidad | Preunic | Los Andes,Preunic,"Los Andes, Valparaíso",0.3834,2026-10-01,https://salcobrand.trabajando.cl/trabajo-empleo/bodeguero-a-plan-navidad-preunic-los-andes/trabajo/6130893
Bodeguero/a Plan Navidad | Preunic | Mall Plaza Egaña,Preunic,"Ñuñoa, Metropolitana de Santiago",0.3828,2026-10-01,https://salcobrand.trabajando.cl/trabajo-empleo/bodeguero-a-plan-navidad-preunic-mall-plaza-egana/trabajo/6131395
Bodeguero/a Plan Navidad Full Time Preunic - Mall Paseo Costanera Puerto Montt,Preunic,"Puerto Montt, Los Lagos",0.3814,2026-10-01,https://salcobrand.trabajando.cl/trabajo-empleo/bodeguero-a-plan-navidad-full-time-preunic-mall-paseo-costanera-puerto-montt/trabajo/6130766
Auxiliar de Farmacia Integral Part Time - Peñalolén,Salcobrand,"Peñalolén, Metropolitana de Santiago",0.3811,2026-10-01,https://salcobrand.trabajando.cl/trabajo-empleo/auxiliar-de-farmacia-integral-part-time-penalolen/trabajo/6130975
Bodeguero/a Plan Navidad | Preunic | Mall Plaza Arica,Preunic,"Arica, Arica y Parinacota",0.3805,2026-10-01,https://salcobrand.trabajando.cl/trabajo-empleo/bodeguero-a-plan-navidad-preunic-mall-plaza-arica/trabajo/6130941
Bodeguero/a Plan Navidad | Preunic | Providencia,Preunic,"Santiago, Metropolitana de Santiago",0.379,2026-10-01,https://salcobrand.trabajando.cl/trabajo-empleo/bodeguero-a-plan-navidad-preunic-providencia/trabajo/6131252
Bodeguero/a Plan Navidad | Preunic | Estado,Preunic,"Santiago, Metropolitana de Santiago",0.3777,2026-10-01,https://salcobrand.trabajando.cl/trabajo-empleo/bodeguero-a-plan-navidad-preunic-estado/trabajo/6131251
"Asesor/a de Clientes Especialista Mango, Part Time 20 hrs Sabado y Domingo, Falabella Chillán",Falabella Retail,"Chillán, Ñuble, Chile",0.3769,2026-10-01,https://falabella.airavirtual.com/postula/YnaobbW2IRbitLBse1lX?logged_action=apply&register=true
Bodeguero/a Plan Navidad | Preunic | San Bernardo,Preunic,"Santiago, Metropolitana de Santiago",0.3766,2026-10-01,https://salcobrand.trabajando.cl/trabajo-empleo/bodeguero-a-plan-navidad-preunic-san-bernardo/trabajo/6131258
Asistente de Probador / Full Time 5x2 42 Hrs. / Falabella Antofagasta,Falabella Retail,"Antofagasta, Antofagasta, Chile",0.3762,2026-10-01,https://falabella.airavirtual.com/postula/Oa0H6bHnXcl0SfFagdrw?logged_action=apply&register=true
Bodeguero/a Plan Navidad | Preunic | Colina,Preunic,"Colina, Metropolitana de Santiago",0.3755,2026-10-01,https://salcobrand.trabajando.cl/trabajo-empleo/bodeguero-a-plan-navidad-preunic-colina/trabajo/6131444
Ingeniero de Pronostico Easy,cencosud,"Santiago, REGION METROPOLITANA, CL",0.375,2026-10-01,https://cencosud.csod.com/ux/ats/careersite/5/home/requisition/15169?c=cencosud
Bodeguero/a Plan Navidad | Preunic | Arica,Preunic,"Arica, Arica y Parinacota",0.3745,2026-10-01,https://salcobrand.trabajando.cl/trabajo-empleo/bodeguero-a-plan-navidad-preunic-arica/trabajo/6130884
Bodeguero/a Plan Navidad | Preunic | Puente,Preunic,"Santiago, Metropolitana de Santiago",0.3744,2026-10-01,https://salcobrand.trabajando.cl/trabajo-empleo/bodeguero-a-plan-navidad-preunic-puente/trabajo/6131535
Anfitrion/a Multifunción Full Time - La Florida,Salcobrand,"La Florida, Metropolitana de Santiago",0.3742,2026-10-01,https://salcobrand.trabajando.cl/trabajo-empleo/anfitrion-a-multifuncion-full-time-la-florida/trabajo/6130827
Auxiliar de Farmacia Integral - Ñuñoa  (Licencia prolongada),Salcobrand,"Ñuñoa, Metropolitana de Santiago",0.3739,2026-10-01,https://salcobrand.trabajando.cl/trabajo-empleo/auxiliar-de-farmacia-integral-nunoa-licencia-prolongada/trabajo/6130930
Químico(a) Farmacéutico(a) Part Time - San Bernardo,Salcobrand,"San Bernardo, Metropolitana de Santiago",0.3725,2026-10-01,https://salcobrand.trabajando.cl/trabajo-empleo/quimico-a-farmaceutico-a-part-time-san-bernardo/trabajo/6130842
Bodeguero/a Plan Navidad | Preunic | Mall Arauco Maipú,Preunic,"Maipú, Metropolitana de Santiago",0.3724,2026-10-01,https://salcobrand.trabajando.cl/trabajo-empleo/bodeguero-a-plan-navidad-preunic-mall-arauco-maipu/trabajo/6131416
Bodeguero/a Plan Navidad | Preunic | Florida Center,Preunic,"La Florida, Metropolitana de Santiago",0.3718,2026-10-01,https://salcobrand.trabajando.cl/trabajo-empleo/bodeguero-a-plan-navidad-preunic-florida-center/trabajo/6131356
Bodeguero/a Plan Navidad | Preunic | Mall Plaza Iquique,Preunic,"Iquique, Tarapacá",0.3717,2026-10-01,https://salcobrand.trabajando.cl/trabajo-empleo/bodeguero-a-plan-navidad-preunic-mall-plaza-iquique/trabajo/6131036
Asistente a Clientes Full Time- Puerto Varas,Casaideas,"Puerto Varas, Los Lagos",0.3714,2026-10-01,https://casaideas.trabajando.cl/trabajo-empleo/asistente-a-clientes-full-time-puerto-varas/trabajo/6130586
Bodeguero/a Plan Navidad | Preunic | Buin,Preunic,"Buin, Metropolitana de Santiago",0.3713,2026-10-01,https://salcobrand.trabajando.cl/trabajo-empleo/bodeguero-a-plan-navidad-preunic-buin/trabajo/6131387
Asistente de Bodega/ Jornada Part Time 20 hrs semanales Sábado y Domingo/ Falabella Quilpue,Falabella Retail,"Quilpué, Valparaíso, Chile",0.3711,2026-10-01,https://falabella.airavirtual.com/postula/Vs5TSILzJQkg1c56LI3x?logged_action=apply&register=true
Bodeguero/a Plan Navidad | Preunic | Puente 3,Preunic,"Santiago, Metropolitana de Santiago",0.3707,2026-10-01,https://salcobrand.trabajando.cl/trabajo-empleo/bodeguero-a-plan-navidad-preunic-puente-3/trabajo/6131358
Senior Platform Engineer,Sodimac,"Santiago, Metropolitana, Chile",0.3704,2026-10-01,https://falabella.airavirtual.com/postula/j5434UyOXjh6I9cWqPso?logged_action=apply&register=true
Bodeguero/a Plan Navidad | Preunic | Bandera,Preunic,"Santiago, Metropolitana de Santiago",0.3703,2026-10-01,https://salcobrand.trabajando.cl/trabajo-empleo/bodeguero-a-plan-navidad-preunic-bandera/trabajo/6131455
Bodeguero/a Plan Navidad | Preunic | Mall Plaza Sur,Preunic,"San Bernardo, Metropolitana de Santiago",0.3702,2026-10-01,https://salcobrand.trabajando.cl/trabajo-empleo/bodeguero-a-plan-navidad-preunic-mall-plaza-sur/trabajo/6131291
Bodeguero/a Plan Navidad | Preunic | Mall Independencia 2,Preunic,"Independencia, Metropolitana de Santiago",0.3691,2026-10-01,https://salcobrand.trabajando.cl/trabajo-empleo/bodeguero-a-plan-navidad-preunic-mall-independencia-2/trabajo/6131532
Bodeguero/a Plan Navidad | Preunic | San Felipe,Preunic,"San Felipe, Valparaíso",0.3684,2026-10-01,https://salcobrand.trabajando.cl/trabajo-empleo/bodeguero-a-plan-navidad-preunic-san-felipe/trabajo/6131193
Asesor/a de Cliente/ Jornada Part Time Flex 20 hrs semanales/ Falabella Viña mall,Falabella Retail,"Viña del Mar, Valparaíso, Chile",0.3682,2026-10-01,https://falabella.airavirtual.com/postula/qJbOWX3SFbFlzxA6JNRn?logged_action=apply&register=true
Jefe de Linea Producto,Sodimac,"Las Condes, Metropolitana, Chile",0.3681,2026-10-01,https://falabella.airavirtual.com/postula/CcEypMWXvQXoYaAF29Pr?logged_action=apply&register=true
Bodeguero/a Plan Navidad Full Time Preunic - Coyhaique,Preunic,"Coyhaique, Aysén",0.3678,2026-10-01,https://salcobrand.trabajando.cl/trabajo-empleo/bodeguero-a-plan-navidad-full-time-preunic-coyhaique/trabajo/6130936
Asesor/a de Cliente/ Jornada Part Time 20 hrs semanales Flex/ Falabella Viña mall,Falabella Retail,"Viña del Mar, Valparaíso, Chile",0.3668,2026-10-01,https://falabella.airavirtual.com/postula/bIfKv2Fq9o6zBxGHX3ol?logged_action=apply&register=true
Bodeguero/a Plan Navidad | Preunic | Vallenar,Preunic,"Vallenar, Atacama",0.3664,2026-10-01,https://salcobrand.trabajando.cl/trabajo-empleo/bodeguero-a-plan-navidad-preunic-vallenar/trabajo/6130885
Bodeguero/a Plan Navidad Full Time Preunic - Lota,Preunic,"Lota, Biobío",0.3661,2026-10-01,https://salcobrand.trabajando.cl/trabajo-empleo/bodeguero-a-plan-navidad-full-time-preunic-lota/trabajo/6130933
Asist. Serv. al Cliente y Ventas Sodimac Punta Arenas PT25,Sodimac,"Punta Arenas, Magallanes y Antártica Chilena, Chile",0.366,2026-10-01,https://falabella.airavirtual.com/postula/XTgOWS698f6tIjmx0MNy?logged_action=apply&register=true
Bodeguero/a Plan Navidad Full Time Preunic - Linares,Preunic,"Linares, Maule",0.3654,2026-10-01,https://salcobrand.trabajando.cl/trabajo-empleo/bodeguero-a-plan-navidad-full-time-preunic-linares/trabajo/6130915
Dimensionador / Full Time 5x2 / Sodimac Temuco Los Pablos,Sodimac,"Temuco, Araucanía, Chile",0.3653,2026-10-01,https://falabella.airavirtual.com/postula/I0HBVTJlEtrG8CfJEIAf?logged_action=apply&register=true
Bodeguero/a Plan Navidad | Preunic | Mall Calama,Preunic,"Calama, Antofagasta",0.3653,2026-10-01,https://salcobrand.trabajando.cl/trabajo-empleo/bodeguero-a-plan-navidad-preunic-mall-calama/trabajo/6130846
Bodeguero/a Plan Navidad | Preunic | Costanera Center,Preunic,"Providencia, Metropolitana de Santiago",0.3642,2026-10-01,https://salcobrand.trabajando.cl/trabajo-empleo/bodeguero-a-plan-navidad-preunic-costanera-center/trabajo/6131462
Bodeguero/a Plan Navidad Full Time Preunic - Curicó,Preunic,"Maule, Maule",0.3639,2026-10-01,https://salcobrand.trabajando.cl/trabajo-empleo/bodeguero-a-plan-navidad-full-time-preunic-curico/trabajo/6130785
Asist. Serv. a Cliente y Ventas Sodimac Punta Arenas FT42,Sodimac,"Punta Arenas, Magallanes y Antártica Chilena, Chile",0.3635,2026-10-01,https://falabella.airavirtual.com/postula/FiaKAX2WssTriu6xsVO6?logged_action=apply&register=true
Bodeguero/a Plan Navidad | Preunic | Mall Plaza Norte,Preunic,"Huechuraba, Metropolitana de Santiago",0.3633,2026-10-01,https://salcobrand.trabajando.cl/trabajo-empleo/bodeguero-a-plan-navidad-preunic-mall-plaza-norte/trabajo/6131546
Guardia de Seguridad con OS10 / Full Time 5x2 42 hrs. / Falabella Calama,Falabella Retail,"Calama, Antofagasta, Chile",0.3625,2026-10-01,https://falabella.airavirtual.com/postula/ie6dSLDlQEI7iuXaYw85?logged_action=apply&register=true
Bodeguero/a Plan Navidad Full Time Preunic - Talca Tienda en Calle,Preunic,"Talca, Maule",0.362,2026-10-01,https://salcobrand.trabajando.cl/trabajo-empleo/bodeguero-a-plan-navidad-full-time-preunic-talca-tienda-en-calle/trabajo/6130969
Bodeguero/a Plan Navidad Full Time Preunic - Temuco,Preunic,"Temuco, La Araucanía",0.3616,2026-10-01,https://salcobrand.trabajando.cl/trabajo-empleo/bodeguero-a-plan-navidad-full-time-preunic-temuco/trabajo/6130664
Bodeguero/a Plan Navidad | Preunic | Mall Plaza Antofagasta,Preunic,"Antofagasta, Antofagasta",0.3616,2026-10-01,https://salcobrand.trabajando.cl/trabajo-empleo/bodeguero-a-plan-navidad-preunic-mall-plaza-antofagasta/trabajo/6131184
Bodeguero/a Plan Navidad | Preunic | Mall Plaza Los Dominicos,Preunic,"Vitacura, Metropolitana de Santiago",0.3609,2026-10-01,https://salcobrand.trabajando.cl/trabajo-empleo/bodeguero-a-plan-navidad-preunic-mall-plaza-los-dominicos/trabajo/6131400
Supervisor(a) Control Operativo - Chiloé,SMU,"Castro, Los Lagos",0.3606,2026-10-01,https://smu.trabajando.cl/trabajo-empleo/supervisor-a-control-operativo-chiloe/trabajo/6131722
Bodeguero/a Plan Navidad | Preunic | Mall Arauco Quilicura,Preunic,"Quilicura, Metropolitana de Santiago",0.3605,2026-10-01,https://salcobrand.trabajando.cl/trabajo-empleo/bodeguero-a-plan-navidad-preunic-mall-arauco-quilicura/trabajo/6131389
Ingeniero/a de Proyectos   Osorno,Soprole,"Osorno, Los Lagos",0.3603,2026-10-01,https://soprole.trabajando.cl/trabajo-empleo/ingeniero-a-de-proyectos-osorno/trabajo/6131107
Bodeguero/a Plan Navidad | Preunic | Mall Alameda,Preunic,"Estación Central, Metropolitana de Santiago",0.3602,2026-10-01,https://salcobrand.trabajando.cl/trabajo-empleo/bodeguero-a-plan-navidad-preunic-mall-alameda/trabajo/6131283
Bodeguero/a Plan Navidad | Preunic | Manuel Montt,Preunic,"Providencia, Metropolitana de Santiago",0.3598,2026-10-01,https://salcobrand.trabajando.cl/trabajo-empleo/bodeguero-a-plan-navidad-preunic-manuel-montt/trabajo/6131287
Bodeguero/a Plan Navidad | Preunic | Mallplaza Tobalaba,Preunic,"Puente Alto, Metropolitana de Santiago",0.3597,2026-10-01,https://salcobrand.trabajando.cl/trabajo-empleo/bodeguero-a-plan-navidad-preunic-mallplaza-tobalaba/trabajo/6131271
Bodeguero/a Plan Navidad | Preunic | Cine Rex,Preunic,"Santiago, Metropolitana de Santiago",0.3596,2026-10-01,https://salcobrand.trabajando.cl/trabajo-empleo/bodeguero-a-plan-navidad-preunic-cine-rex/trabajo/6131412
Bodeguero/a Plan Navidad | Preunic | Mall Vivo Coquimbo,Preunic,"Coquimbo, Coquimbo",0.3595,2026-10-01,https://salcobrand.trabajando.cl/trabajo-empleo/bodeguero-a-plan-navidad-preunic-mall-vivo-coquimbo/trabajo/6130937
Bodeguero/a Plan Navidad Full Time Preunic - Puerto Montt,Preunic,"Puerto Montt, Los Lagos",0.3585,2026-10-01,https://salcobrand.trabajando.cl/trabajo-empleo/bodeguero-a-plan-navidad-full-time-preunic-puerto-montt/trabajo/6130671
Asesor/a de Cliente SAE Jornada Part Time 20 hrs Sábado y Domingo/ Falabella Iquique,Falabella Retail,"Iquique, Tarapacá, Chile",0.3577,2026-10-01,https://falabella.airavirtual.com/postula/2vq2q2Cjv7sA6izeBVub?logged_action=apply&register=true
Bodeguero/a Plan Navidad | Preunic | Apumanque,Preunic,"Las Condes, Metropolitana de Santiago",0.3574,2026-10-01,https://salcobrand.trabajando.cl/trabajo-empleo/bodeguero-a-plan-navidad-preunic-apumanque/trabajo/6131280
Bodeguero/a Plan Navidad Full Time Preunic - Portal Angamos,Preunic,"Antofagasta, Antofagasta",0.3572,2026-10-01,https://salcobrand.trabajando.cl/trabajo-empleo/bodeguero-a-plan-navidad-full-time-preunic-portal-angamos/trabajo/6130959
Bodeguero/a Plan Navidad Full Time Preunic - Mall Centro Concepción,Preunic,"Concepción, Biobío",0.3571,2026-10-01,https://salcobrand.trabajando.cl/trabajo-empleo/bodeguero-a-plan-navidad-full-time-preunic-mall-centro-concepcion/trabajo/6130892
Bodeguero/a Plan Navidad | Preunic | Mall Plaza Vespucio,Preunic,"La Florida, Metropolitana de Santiago",0.3569,2026-10-01,https://salcobrand.trabajando.cl/trabajo-empleo/bodeguero-a-plan-navidad-preunic-mall-plaza-vespucio/trabajo/6131545
Bodeguero/a Plan Navidad | Preunic | Valparaíso,Preunic,"Valparaíso, Valparaíso",0.3569,2026-10-01,https://salcobrand.trabajando.cl/trabajo-empleo/bodeguero-a-plan-navidad-preunic-valparaiso/trabajo/6130689
Bodeguero/a Plan Navidad Full Time Preunic - Villarica,Preunic,"Villarrica, La Araucanía",0.3565,2026-10-01,https://salcobrand.trabajando.cl/trabajo-empleo/bodeguero-a-plan-navidad-full-time-preunic-villarica/trabajo/6130910
Bodeguero/a Plan Navidad Full Time Preunic - Open Constitución,Preunic,"Constitución, Maule",0.3563,2026-10-01,https://salcobrand.trabajando.cl/trabajo-empleo/bodeguero-a-plan-navidad-full-time-preunic-open-constitucion/trabajo/6130805
Bodeguero/a Plan Navidad | Preunic | Quilpué,Preunic,"Quilpué, Valparaíso",0.3563,2026-10-01,https://salcobrand.trabajando.cl/trabajo-empleo/bodeguero-a-plan-navidad-preunic-quilpue/trabajo/6131027
Asesor/a de Cliente SAE/ Área de Cajas/ Jornada Part Time 20hrs Sábado y Domingo Tienda Falabella Iquique,Falabella Retail,"Iquique, Tarapacá, Chile",0.3559,2026-10-01,https://falabella.airavirtual.com/postula/NDLLpDnKi7Ieb384MFmm?logged_action=apply&register=true
Bodeguero/a Plan Navidad | Preunic | Cerrillos,Preunic,"Santiago, Metropolitana de Santiago",0.3553,2026-10-01,https://salcobrand.trabajando.cl/trabajo-empleo/bodeguero-a-plan-navidad-preunic-cerrillos/trabajo/6131259
Jefe de Tienda Tricot Arica,Tricot S.A.,"Arica, Arica y Parinacota",0.3549,2026-10-01,https://tricot.trabajando.cl/trabajo-empleo/jefe-de-tienda-tricot-arica/trabajo/6131560
Digitador/a Recetario Magistral,Salcobrand,"Ñuñoa, Metropolitana de Santiago",0.3548,2026-10-01,https://salcobrand.trabajando.cl/trabajo-empleo/digitador-a-recetario-magistral/trabajo/6131277
Bodeguero/a Plan Navidad Full Time Preunic - Portal Temuco,Preunic,"Temuco, La Araucanía",0.3547,2026-10-01,https://salcobrand.trabajando.cl/trabajo-empleo/bodeguero-a-plan-navidad-full-time-preunic-portal-temuco/trabajo/6130963
Bodeguero/a Plan Navidad Full Time Preunic - Condel Valparaíso,Preunic,"Valparaíso, Valparaíso",0.3538,2026-10-01,https://salcobrand.trabajando.cl/trabajo-empleo/bodeguero-a-plan-navidad-full-time-preunic-condel-valparaiso/trabajo/6131013
Bodeguero/a Plan Navidad | Preunic | Iquique,Preunic,"Iquique, Tarapacá",0.3533,2026-10-01,https://salcobrand.trabajando.cl/trabajo-empleo/bodeguero-a-plan-navidad-preunic-iquique/trabajo/6130839
Asistente de Riesgo Crediticio - Talca,PF Alimentos,"Talca, Maule",0.3532,2026-10-01,https://pf.trabajando.cl/trabajo-empleo/asistente-de-riesgo-crediticio-talca/trabajo/6131654
Consultor/a Cosmética Coreana 30 hrs Part Time - Preunic Parque Arauco,Preunic,"Las Condes, Metropolitana de Santiago",0.3527,2026-10-01,https://salcobrand.trabajando.cl/trabajo-empleo/consultor-a-cosmetica-coreana-30-hrs-part-time-preunic-parque-arauco/trabajo/6130751
Bodeguero/a Plan Navidad | Preunic | Jumbo El Llano,Preunic,"San Miguel, Metropolitana de Santiago",0.352,2026-10-01,https://salcobrand.trabajando.cl/trabajo-empleo/bodeguero-a-plan-navidad-preunic-jumbo-el-llano/trabajo/6131443
Bodeguero/a Plan Navidad Full Time Preunic - Puerto Varas,Preunic,"Puerto Varas, Los Lagos",0.352,2026-10-01,https://salcobrand.trabajando.cl/trabajo-empleo/bodeguero-a-plan-navidad-full-time-preunic-puerto-varas/trabajo/6130972
Químico(a) Farmacéutico(a) Full Time - San Bernardo,Salcobrand,"San Bernardo, Metropolitana de Santiago",0.3519,2026-10-01,https://salcobrand.trabajando.cl/trabajo-empleo/quimico-a-farmaceutico-a-full-time-san-bernardo/trabajo/6130831
Bodeguero/a Plan Navidad Full Time Preunic - Temuco,Preunic,"Temuco, La Araucanía",0.3514,2026-10-01,https://salcobrand.trabajando.cl/trabajo-empleo/bodeguero-a-plan-navidad-full-time-preunic-temuco/trabajo/6130773
Bodeguero/a Plan Navidad | Preunic | Maipú Centro,Preunic,"Maipú, Metropolitana de Santiago",0.3511,2026-10-01,https://salcobrand.trabajando.cl/trabajo-empleo/bodeguero-a-plan-navidad-preunic-maipu-centro/trabajo/6131266
"Experto en Prevención de Riesgos, FT, Tottus Coquimbo.",Tottus,"La Serena, Coquimbo, Chile",0.3509,2026-10-01,https://falabella.airavirtual.com/postula/1GQaqeV0tExIWwA0VnsN?logged_action=apply&register=true
Bodeguero/a Plan Navidad | Preunic | San Antonio,Preunic,"San Antonio, Valparaíso",0.3506,2026-10-01,https://salcobrand.trabajando.cl/trabajo-empleo/bodeguero-a-plan-navidad-preunic-san-antonio/trabajo/6130815
Bodeguero/a Plan Navidad Full Time Preunic - Punta Arenas,Preunic,"Punta Arenas, Magallanes y Antártica Chilena",0.3499,2026-10-01,https://salcobrand.trabajando.cl/trabajo-empleo/bodeguero-a-plan-navidad-full-time-preunic-punta-arenas/trabajo/6131001
Bodeguero/a Plan Navidad Full Time Preunic - Angol,Preunic,"Angol, La Araucanía",0.3496,2026-10-01,https://salcobrand.trabajando.cl/trabajo-empleo/bodeguero-a-plan-navidad-full-time-preunic-angol/trabajo/6130705
Bodeguero/a Plan Navidad | Preunic | Holanda Providencia,Preunic,"Providencia, Metropolitana de Santiago",0.3491,2026-10-01,https://salcobrand.trabajando.cl/trabajo-empleo/bodeguero-a-plan-navidad-preunic-holanda-providencia/trabajo/6131473
Bodeguero/a Plan Navidad | Preunic | Mall Paseo Quilín,Preunic,"Peñalolén, Metropolitana de Santiago",0.3488,2026-10-01,https://salcobrand.trabajando.cl/trabajo-empleo/bodeguero-a-plan-navidad-preunic-mall-paseo-quilin/trabajo/6131261
Bodeguero/a Plan Navidad | Preunic | Maipú Templo,Preunic,"Maipú, Metropolitana de Santiago",0.3486,2026-10-01,https://salcobrand.trabajando.cl/trabajo-empleo/bodeguero-a-plan-navidad-preunic-maipu-templo/trabajo/6131285
Bodeguero/a Plan Navidad | Preunic | Ahumada 77,Preunic,"Santiago, Metropolitana de Santiago",0.3484,2026-10-01,https://salcobrand.trabajando.cl/trabajo-empleo/bodeguero-a-plan-navidad-preunic-ahumada-77/trabajo/6131534
Bodeguero/a Plan Navidad | Preunic | El Faro Apumanque,Preunic,"Las Condes, Metropolitana de Santiago",0.348,2026-10-01,https://salcobrand.trabajando.cl/trabajo-empleo/bodeguero-a-plan-navidad-preunic-el-faro-apumanque/trabajo/6131307
Bodeguero/a Plan Navidad | Preunic | Mall Plaza Copiapó,Preunic,"Copiapó, Atacama",0.3478,2026-10-01,https://salcobrand.trabajando.cl/trabajo-empleo/bodeguero-a-plan-navidad-preunic-mall-plaza-copiapo/trabajo/6130912
Bodeguero/a Plan Navidad Full Time Preunic - Talcahuano,Preunic,"Talcahuano, Biobío",0.3473,2026-10-01,https://salcobrand.trabajando.cl/trabajo-empleo/bodeguero-a-plan-navidad-full-time-preunic-talcahuano/trabajo/6131009
Bodeguero/a Plan Navidad Full Time Preunic - Mall Arauco Coronel,Preunic,"Coronel, Biobío",0.3473,2026-10-01,https://salcobrand.trabajando.cl/trabajo-empleo/bodeguero-a-plan-navidad-full-time-preunic-mall-arauco-coronel/trabajo/6130920
Bodeguero/a Plan Navidad Full Time Preunic - San Fernando,Preunic,"San Fernando, Lib. Gral. Bdo. O'Higgins",0.3469,2026-10-01,https://salcobrand.trabajando.cl/trabajo-empleo/bodeguero-a-plan-navidad-full-time-preunic-san-fernando/trabajo/6130789
Bodeguero/a Plan Navidad | Preunic | Parque Arauco,Preunic,"Las Condes, Metropolitana de Santiago",0.3467,2026-10-01,https://salcobrand.trabajando.cl/trabajo-empleo/bodeguero-a-plan-navidad-preunic-parque-arauco/trabajo/6131527
Bodeguero/a Plan Navidad | Preunic | Amunategui,Preunic,"Santiago, Metropolitana de Santiago",0.3461,2026-10-01,https://salcobrand.trabajando.cl/trabajo-empleo/bodeguero-a-plan-navidad-preunic-amunategui/trabajo/6131371
"Operador/a de Computadoras, art 22, Falabella Chillan",Falabella Retail,"Chillán, Ñuble, Chile",0.3456,2026-10-01,https://falabella.airavirtual.com/postula/UNZuJaNomC3UXJyJl3xm?logged_action=apply&register=true
Bodeguero/a Plan Navidad Full Time Preunic - Los Ángeles ,Preunic,"Los Ángeles, Biobío",0.3455,2026-10-01,https://salcobrand.trabajando.cl/trabajo-empleo/bodeguero-a-plan-navidad-full-time-preunic-los-angeles/trabajo/6130770
Jefe de ventas Arica,Tricot S.A.,"Arica, Arica y Parinacota",0.3454,2026-10-01,https://tricot.trabajando.cl/trabajo-empleo/jefe-de-ventas-arica/trabajo/6131565
"Ejecutivo/a Integral, FT, Sucursal Rancagua Plaza América.",Banco Falabella,"Santiago, Metropolitana, Chile",0.3454,2026-10-01,https://falabella.airavirtual.com/postula/meLuPIUcL1eToYqPlpmX?logged_action=apply&register=true
Bodeguero/a Plan Navidad | Preunic | Arauco Maipú 2,Preunic,"Maipú, Metropolitana de Santiago",0.3451,2026-10-01,https://salcobrand.trabajando.cl/trabajo-empleo/bodeguero-a-plan-navidad-preunic-arauco-maipu-2/trabajo/6131470
Bodeguero/a Plan Navidad | Preunic | Mall Plaza Vespucio 2,Preunic,"La Florida, Metropolitana de Santiago",0.345,2026-10-01,https://salcobrand.trabajando.cl/trabajo-empleo/bodeguero-a-plan-navidad-preunic-mall-plaza-vespucio-2/trabajo/6131466
Bodeguero/a Plan Navidad | Preunic | Antofagasta (Dijon),Preunic,"Antofagasta, Antofagasta",0.345,2026-10-01,https://salcobrand.trabajando.cl/trabajo-empleo/bodeguero-a-plan-navidad-preunic-antofagasta-dijon/trabajo/6131004
Bodeguero/a Plan Navidad | Preunic | Quillota,Preunic,"Quillota, Valparaíso",0.3449,2026-10-01,https://salcobrand.trabajando.cl/trabajo-empleo/bodeguero-a-plan-navidad-preunic-quillota/trabajo/6130931
Bodeguero/a Plan Navidad | Preunic | Valparaíso (Pedro Montt),Preunic,"Valparaíso, Valparaíso",0.3443,2026-10-01,https://salcobrand.trabajando.cl/trabajo-empleo/bodeguero-a-plan-navidad-preunic-valparaiso-pedro-montt/trabajo/6130966
Bodeguero/a Plan Navidad | Preunic | Illapel,Preunic,"Illapel, Coquimbo",0.3441,2026-10-01,https://salcobrand.trabajando.cl/trabajo-empleo/bodeguero-a-plan-navidad-preunic-illapel/trabajo/6131190
Bodeguero/a Plan Navidad | Preunic | Estación Central,Preunic,"Estación Central, Metropolitana de Santiago",0.3437,2026-10-01,https://salcobrand.trabajando.cl/trabajo-empleo/bodeguero-a-plan-navidad-preunic-estacion-central/trabajo/6131264
Bodeguero/a Plan Navidad | Preunic | Coquimbo,Preunic,"Coquimbo, Coquimbo",0.343,2026-10-01,https://salcobrand.trabajando.cl/trabajo-empleo/bodeguero-a-plan-navidad-preunic-coquimbo/trabajo/6130757
Bodeguero/a Plan Navidad Full Time Preunic - Santa Cruz,Preunic,"Santa Cruz, Lib. Gral. Bdo. O'Higgins",0.3429,2026-10-01,https://salcobrand.trabajando.cl/trabajo-empleo/bodeguero-a-plan-navidad-full-time-preunic-santa-cruz/trabajo/6130916
Bodeguero/a Plan Navidad | Preunic | Ovalle,Preunic,"Ovalle, Coquimbo",0.3426,2026-10-01,https://salcobrand.trabajando.cl/trabajo-empleo/bodeguero-a-plan-navidad-preunic-ovalle/trabajo/6130897
Líder Comercial Cenco Malls,cencosud,CL,0.3425,2026-10-01,https://cencosud.csod.com/ux/ats/careersite/5/home/requisition/15172?c=cencosud
Químico(a) Farmacéutico(a) Full Time - Antofagasta,Salcobrand,"Antofagasta, Antofagasta",0.3424,2026-10-01,https://salcobrand.trabajando.cl/trabajo-empleo/quimico-a-farmaceutico-a-full-time-antofagasta/trabajo/6130828
Bodeguero/a Plan Navidad | Preunic | Portal Ñuñoa,Preunic,"Ñuñoa, Metropolitana de Santiago",0.342,2026-10-01,https://salcobrand.trabajando.cl/trabajo-empleo/bodeguero-a-plan-navidad-preunic-portal-nunoa/trabajo/6131464
Bodeguero/a Plan Navidad Full Time Preunic - Rancagua,Preunic,"Rancagua, Lib. Gral. Bdo. O'Higgins",0.3419,2026-10-01,https://salcobrand.trabajando.cl/trabajo-empleo/bodeguero-a-plan-navidad-full-time-preunic-rancagua/trabajo/6130585
Bodeguero/a Plan Navidad Full Time Preunic - Castro,Preunic,"Castro, Los Lagos",0.3415,2026-10-01,https://salcobrand.trabajando.cl/trabajo-empleo/bodeguero-a-plan-navidad-full-time-preunic-castro/trabajo/6130977
Bodeguero/a Plan Navidad | Preunic | Puente Alto Concha y Toro,Preunic,"Puente Alto, Metropolitana de Santiago",0.3411,2026-10-01,https://salcobrand.trabajando.cl/trabajo-empleo/bodeguero-a-plan-navidad-preunic-puente-alto-concha-y-toro/trabajo/6131393
Asesor/a de Cliente Especialista /Jornada Full time Lunes a Viernes 42 hrs semanales/Falabella Alto las Condes,Falabella Retail,"Santiago, Metropolitana, Chile",0.341,2026-10-01,https://falabella.airavirtual.com/postula/ebCxeL8N02QdZ3QUgn9j?logged_action=apply&register=true
Bodeguero/a Plan Navidad | Preunic | Irarrazaval,Preunic,"Ñuñoa, Metropolitana de Santiago",0.3409,2026-10-01,https://salcobrand.trabajando.cl/trabajo-empleo/bodeguero-a-plan-navidad-preunic-irarrazaval/trabajo/6131365
Bodeguero/a Plan Navidad Full Time Preunic - Tome,Preunic,"Tomé, Biobío",0.3409,2026-10-01,https://salcobrand.trabajando.cl/trabajo-empleo/bodeguero-a-plan-navidad-full-time-preunic-tome/trabajo/6130902
Bodeguero/a Plan Navidad Full Time Preunic - Punta Arenas ,Preunic,"Punta Arenas, Magallanes y Antártica Chilena",0.3409,2026-10-01,https://salcobrand.trabajando.cl/trabajo-empleo/bodeguero-a-plan-navidad-full-time-preunic-punta-arenas/trabajo/6130955
Bodeguero/a Plan Navidad | Preunic | Antofagasta,Preunic,"Antofagasta, Antofagasta",0.3407,2026-10-01,https://salcobrand.trabajando.cl/trabajo-empleo/bodeguero-a-plan-navidad-preunic-antofagasta/trabajo/6130717
"Bodeguero/a Plan Navidad Full Time Preunic - Belloto, Quilpué",Preunic,"Quilpué, Valparaíso",0.3405,2026-10-01,https://salcobrand.trabajando.cl/trabajo-empleo/bodeguero-a-plan-navidad-full-time-preunic-belloto-quilpue/trabajo/6130796
Operador Grúa Horquilla,Empresas Carozzi S.A.,"San Bernardo, Metropolitana de Santiago",0.3403,2026-10-01,https://carozzi.trabajando.cl/trabajo-empleo/operador-grua-horquilla/trabajo/6130578
Bodeguero/a Plan Navidad | Preunic | San Antonio (Puerto),Preunic,"San Antonio, Valparaíso",0.3394,2026-10-01,https://salcobrand.trabajando.cl/trabajo-empleo/bodeguero-a-plan-navidad-preunic-san-antonio-puerto/trabajo/6130651
Brand Manager Marcas Internacionales - Reemplazo Pre & Posnatal,cencosud,"Santiago, REGION METROPOLITANA, CL",0.3391,2026-10-01,https://cencosud.csod.com/ux/ats/careersite/5/home/requisition/15175?c=cencosud
Bodeguero/a Plan Navidad | Preunic | Talagante,Preunic,"Talagante, Metropolitana de Santiago",0.3391,2026-10-01,https://salcobrand.trabajando.cl/trabajo-empleo/bodeguero-a-plan-navidad-preunic-talagante/trabajo/6131385
Supervisor(a) Control Operativo - IV Región interior,SMU,"Illapel, Coquimbo",0.3376,2026-10-01,https://smu.trabajando.cl/trabajo-empleo/supervisor-a-control-operativo-iv-region-interior/trabajo/6131723
Asistente de Bodega/ Jornada Part Time sábados y domingos 20 hrs semanales/ Falabella Valdivia,Falabella Retail,"Valdivia, Los Ríos, Chile",0.337,2026-10-01,https://falabella.airavirtual.com/postula/rXDvpkKRP7ay86wjMDZI?logged_action=apply&register=true
Jefe de Tienda - Coihueco,abc,"Coihueco, Ñuble",0.3365,2026-10-01,https://abcdin.trabajando.cl/trabajo-empleo/jefe-de-tienda-coihueco/trabajo/6132007
Asesor/a de Clientes / Part Time Sábado y Domingo 20 hrs semanales/Falabella Alto las Condes,Falabella Retail,"Las Condes, Metropolitana, Chile",0.3364,2026-10-01,https://falabella.airavirtual.com/postula/bWInHHJem6vVAbZroE2e?logged_action=apply&register=true
Asesor/a de Cliente /Media Jornada Tarde 5x2 rotativos 30 hrs semanales/Falabella Alto las Condes,Falabella Retail,"Las Condes, Metropolitana, Chile",0.3362,2026-10-01,https://falabella.airavirtual.com/postula/Xkgprd7c13I6Sx8ZCurY?logged_action=apply&register=true
Bodeguero/a Plan Navidad | Preunic | Puente Alto,Preunic,"Puente Alto, Metropolitana de Santiago",0.3362,2026-10-01,https://salcobrand.trabajando.cl/trabajo-empleo/bodeguero-a-plan-navidad-preunic-puente-alto/trabajo/6131538
Bodeguero/a Plan Navidad | Preunic | Open Ovalle,Preunic,"Ovalle, Coquimbo",0.3362,2026-10-01,https://salcobrand.trabajando.cl/trabajo-empleo/bodeguero-a-plan-navidad-preunic-open-ovalle/trabajo/6130918
Bodeguero/a Plan Navidad | Preunic | Villa Alemana,Preunic,"Villa Alemana, Valparaíso",0.3359,2026-10-01,https://salcobrand.trabajando.cl/trabajo-empleo/bodeguero-a-plan-navidad-preunic-villa-alemana/trabajo/6130973
Brand Manager,cencosud,"Santiago, REGION METROPOLITANA, CL",0.3352,2026-10-01,https://cencosud.csod.com/ux/ats/careersite/5/home/requisition/15174?c=cencosud
Bodeguero/a Plan Navidad | Preunic | Melipilla,Preunic,"Melipilla, Metropolitana de Santiago",0.3352,2026-10-01,https://salcobrand.trabajando.cl/trabajo-empleo/bodeguero-a-plan-navidad-preunic-melipilla/trabajo/6131380
Bodeguero/a Plan Navidad | Preunic | Viña Centro,Preunic,"Viña del Mar, Valparaíso",0.335,2026-10-01,https://salcobrand.trabajando.cl/trabajo-empleo/bodeguero-a-plan-navidad-preunic-vina-centro/trabajo/6130740
Bodeguero/a Plan Navidad Full Time Preunic - Talca,Preunic,"Talca, Maule",0.3348,2026-10-01,https://salcobrand.trabajando.cl/trabajo-empleo/bodeguero-a-plan-navidad-full-time-preunic-talca/trabajo/6130801
Bodeguero/a Plan Navidad Full Time Preunic - Chillán,Preunic,"Chillán, Ñuble",0.3348,2026-10-01,https://salcobrand.trabajando.cl/trabajo-empleo/bodeguero-a-plan-navidad-full-time-preunic-chillan/trabajo/6130833
Bodeguero/a Plan Navidad Full Time Preunic - Chillán ,Preunic,"Chillán, Ñuble",0.3348,2026-10-01,https://salcobrand.trabajando.cl/trabajo-empleo/bodeguero-a-plan-navidad-full-time-preunic-chillan/trabajo/6130700
Asesor/a de Cliente SAE/ Jornada Full Time 42 hrs semanales 5x2 rotativos/ Falabella Plaza Norte,Falabella Retail,"Santiago, Metropolitana, Chile",0.3347,2026-10-01,https://falabella.airavirtual.com/postula/QGDvYNHYaiEhEGbGYoWy?logged_action=apply&register=true
Bodeguero/a Plan Navidad Full Time Preunic - Mall Plaza Trebol,Preunic,"Talcahuano, Biobío",0.3346,2026-10-01,https://salcobrand.trabajando.cl/trabajo-empleo/bodeguero-a-plan-navidad-full-time-preunic-mall-plaza-trebol/trabajo/6130899
Bodeguero/a Plan Navidad Full Time Preunic - Concepción,Preunic,"Concepción, Biobío",0.3346,2026-10-01,https://salcobrand.trabajando.cl/trabajo-empleo/bodeguero-a-plan-navidad-full-time-preunic-concepcion/trabajo/6130600
Bodeguero/a Plan Navidad Full Time Preunic - Concepción,Preunic,"Concepción, Biobío",0.3346,2026-10-01,https://salcobrand.trabajando.cl/trabajo-empleo/bodeguero-a-plan-navidad-full-time-preunic-concepcion/trabajo/6130777
Bodeguero/a Plan Navidad | Preunic | Antofagasta (Paseo Arturo Prat),Preunic,"Antofagasta, Antofagasta",0.3343,2026-10-01,https://salcobrand.trabajando.cl/trabajo-empleo/bodeguero-a-plan-navidad-preunic-antofagasta-paseo-arturo-prat/trabajo/6130787
Mantenimiento Eléctrico ,Empresas Carozzi S.A.,"San Bernardo, Metropolitana de Santiago",0.3337,2026-10-01,https://carozzi.trabajando.cl/trabajo-empleo/mantenimiento-electrico/trabajo/6130603
Asistente de Procesos Planificación (Reemplazo Licencia Médica) ,abc,"Providencia, Metropolitana de Santiago",0.3335,2026-10-01,https://abcdin.trabajando.cl/trabajo-empleo/asistente-de-procesos-planificacion-reemplazo-licencia-medica/trabajo/6132068
Jefe de Ventas Pt 18hrs - Puchuncaví,abc,"Puchuncaví, Valparaíso",0.3333,2026-10-01,https://abcdin.trabajando.cl/trabajo-empleo/jefe-de-ventas-pt-18hrs-puchuncavi/trabajo/6131272
Bodeguero/a Plan Navidad | Preunic | Viña del Mar,Preunic,"Viña del Mar, Valparaíso",0.3333,2026-10-01,https://salcobrand.trabajando.cl/trabajo-empleo/bodeguero-a-plan-navidad-preunic-vina-del-mar/trabajo/6130703
Bodeguero/a Plan Navidad Full Time Preunic - Rancagua,Preunic,"Rancagua, Lib. Gral. Bdo. O'Higgins",0.3333,2026-10-01,https://salcobrand.trabajando.cl/trabajo-empleo/bodeguero-a-plan-navidad-full-time-preunic-rancagua/trabajo/6130905
"Bodeguero/a Plan Navidad Full Time Preunic - Open San Carlos, Chillán",Preunic,"San Carlos, Ñuble",0.3329,2026-10-01,https://salcobrand.trabajando.cl/trabajo-empleo/bodeguero-a-plan-navidad-full-time-preunic-open-san-carlos-chillan/trabajo/6130811
Bodeguero/a Plan Navidad | Preunic | Huérfanos,Preunic,"Santiago, Metropolitana de Santiago",0.3327,2026-10-01,https://salcobrand.trabajando.cl/trabajo-empleo/bodeguero-a-plan-navidad-preunic-huerfanos/trabajo/6131374
Bodeguero/a Plan Navidad | Preunic | Calama,Preunic,"Calama, Antofagasta",0.3323,2026-10-01,https://salcobrand.trabajando.cl/trabajo-empleo/bodeguero-a-plan-navidad-preunic-calama/trabajo/6130922
Bodeguero/a Plan Navidad | Preunic | Patronato,Preunic,"Recoleta, Metropolitana de Santiago",0.3318,2026-10-01,https://salcobrand.trabajando.cl/trabajo-empleo/bodeguero-a-plan-navidad-preunic-patronato/trabajo/6131294
Bodeguero/a Plan Navidad | Preunic | Alameda,Empresas SB,"Santiago, Metropolitana de Santiago",0.3316,2026-10-01,https://salcobrand.trabajando.cl/trabajo-empleo/bodeguero-a-plan-navidad-preunic-alameda/trabajo/6131048
Bodeguero/a Plan Navidad | Preunic | Vivo Puente Alto,Preunic,"Puente Alto, Metropolitana de Santiago",0.3312,2026-10-01,https://salcobrand.trabajando.cl/trabajo-empleo/bodeguero-a-plan-navidad-preunic-vivo-puente-alto/trabajo/6131519
Bodeguero/a Plan Navidad | Preunic | Copiapó,Preunic,"Copiapó, Atacama",0.331,2026-10-01,https://salcobrand.trabajando.cl/trabajo-empleo/bodeguero-a-plan-navidad-preunic-copiapo/trabajo/6130798
"Soldador, San Bernardo",Watts S.A.,"San Bernardo, Metropolitana de Santiago",0.3308,2026-10-01,https://watts.trabajando.cl/trabajo-empleo/soldador-san-bernardo/trabajo/6131110
Asesor/a de Cliente / Full Time 40 Hrs. 5x2 / Falabella Parque Arauco,Falabella Retail,"Las Condes, Metropolitana, Chile",0.3306,2026-10-01,https://falabella.airavirtual.com/postula/KzyRqJ2Z60yyMRAWljVZ?logged_action=apply&register=true
Bodeguero/a Plan Navidad | Preunic | Intermodal La Cisterna,Preunic,"La Cisterna, Metropolitana de Santiago",0.3303,2026-10-01,https://salcobrand.trabajando.cl/trabajo-empleo/bodeguero-a-plan-navidad-preunic-intermodal-la-cisterna/trabajo/6131276
Operarios/as Sala de Ventas Alvi Full Time y Part time 20 Hrs Quinta Normal,Alvi,"Quinta Normal, Metropolitana de Santiago",0.3299,2026-10-01,https://smu.trabajando.cl/trabajo-empleo/operarios-as-sala-de-ventas-alvi-full-time-y-part-time-20-hrs-quinta-normal/trabajo/6131037
Asesor/a de Cliente especialista/ Full Time Lunes a viernes 42 hrs semanales/ Falabella Arauco Maipú,Falabella Retail,"Santiago, Metropolitana, Chile",0.3298,2026-10-01,https://falabella.airavirtual.com/postula/GDHUfUkIUx8nvgScTYkT?logged_action=apply&register=true
Bodeguero/a Plan Navidad | Preunic | Puente Alto Clavero,Preunic,"Puente Alto, Metropolitana de Santiago",0.3293,2026-10-01,https://salcobrand.trabajando.cl/trabajo-empleo/bodeguero-a-plan-navidad-preunic-puente-alto-clavero/trabajo/6131408
Bodeguero/a Plan Navidad Full Time Preunic - San Vicente de Tagua Tagua,Preunic,"San Vicente, Lib. Gral. Bdo. O'Higgins",0.328,2026-10-01,https://salcobrand.trabajando.cl/trabajo-empleo/bodeguero-a-plan-navidad-full-time-preunic-san-vicente-de-tagua-tagua/trabajo/6130989
Asesor/a de Clientes/ Jornada Part Time 20 Hrs semanales sábados y domingos/ Falabella Costanera,Falabella Retail,"Santiago, Metropolitana, Chile",0.3262,2026-10-01,https://falabella.airavirtual.com/postula/wAlevXoBAdjiWjzR97Nx?logged_action=apply&register=true
Jefe de Tienda - Paine,abc,"Paine, Metropolitana de Santiago",0.3247,2026-10-01,https://abcdin.trabajando.cl/trabajo-empleo/jefe-de-tienda-paine/trabajo/6132009
Auxiliar de Farmacia Integral - La Serena,Salcobrand,"La Serena, Coquimbo",0.3244,2026-10-01,https://salcobrand.trabajando.cl/trabajo-empleo/auxiliar-de-farmacia-integral-la-serena/trabajo/6130939
"Encargado/a de Ventas, Full Time, Beauty F, Mall Marina",Falabella Retail,"Las Condes, Metropolitana, Chile",0.3236,2026-10-01,https://falabella.airavirtual.com/postula/eBH1vLC4Cj7oilbmkbco?logged_action=apply&register=true
PBodeguero/a Plan Navidad Full Time Preunic - Independencia Rancagua ,Preunic,"Rancagua, Lib. Gral. Bdo. O'Higgins",0.3236,2026-10-01,https://salcobrand.trabajando.cl/trabajo-empleo/pbodeguero-a-plan-navidad-full-time-preunic-independencia-rancagua/trabajo/6130948
Asesor/a de Cliente SAE/ Jornada Part Time 20 hrs semanales/ Sábado y Domingo/ Falabella Iquique,Falabella Retail,"Iquique, Tarapacá, Chile",0.3232,2026-10-01,https://falabella.airavirtual.com/postula/MDKGrCpMDEjQ9kHbUy7n?logged_action=apply&register=true
Asesor/a de Cliente SAE Jornada Part Time 20hrs Sábado y Domingo/ Falabella Iquique,Falabella Retail,"Iquique, Tarapacá, Chile",0.3228,2026-10-01,https://falabella.airavirtual.com/postula/Ym2AHRhta5IBvgwQmMFz?logged_action=apply&register=true
Jefe de ventas Intermodal La Cisterna,Tricot S.A.,"La Cisterna, Metropolitana de Santiago",0.3224,2026-10-01,https://tricot.trabajando.cl/trabajo-empleo/jefe-de-ventas-intermodal-la-cisterna/trabajo/6132159
Bodeguero/a Plan Navidad | Preunic | Plaza Ñuñoa,Preunic,"Ñuñoa, Metropolitana de Santiago",0.3215,2026-10-01,https://salcobrand.trabajando.cl/trabajo-empleo/bodeguero-a-plan-navidad-preunic-plaza-nunoa/trabajo/6131514
Asesor/a de Cliente SAE/ Part Time 18 Hrs semanales/ Falabella Independencia,Falabella Retail,"Santiago, Metropolitana, Chile",0.3213,2026-10-01,https://falabella.airavirtual.com/postula/D4Go2h73BTNA6l6VvMZX?logged_action=apply&register=true
Bodeguero/a Plan Navidad Full Time Preunic - Coronel,Preunic,"Coronel, Biobío",0.3191,2026-10-01,https://salcobrand.trabajando.cl/trabajo-empleo/bodeguero-a-plan-navidad-full-time-preunic-coronel/trabajo/6130887
Jefe de ventas Plaza Oeste,Tricot S.A.,"Cerrillos, Metropolitana de Santiago",0.3188,2026-10-01,https://tricot.trabajando.cl/trabajo-empleo/jefe-de-ventas-plaza-oeste/trabajo/6132158
Bodeguero/a Plan Navidad Full Time Preunic - Valdivia,Preunic,"Valdivia, Los Ríos",0.3166,2026-10-01,https://salcobrand.trabajando.cl/trabajo-empleo/bodeguero-a-plan-navidad-full-time-preunic-valdivia/trabajo/6130928
Jefe de Ventas Pt 18hrs - Futrono,abc,"Futrono, Los Ríos",0.3149,2026-10-01,https://abcdin.trabajando.cl/trabajo-empleo/jefe-de-ventas-pt-18hrs-futrono/trabajo/6131262
Jefe de Ventas Pt 18hrs - Llanquihue,abc,"Llanquihue, Los Lagos",0.3132,2026-10-01,https://abcdin.trabajando.cl/trabajo-empleo/jefe-de-ventas-pt-18hrs-llanquihue/trabajo/6131270
Asesor/a de Cliente SAE/ Media Jornada Tarde 30 hrs semanales 5x2/ Falabella Valdivia,Falabella Retail,"Valdivia, Los Ríos, Chile",0.3129,2026-10-01,https://falabella.airavirtual.com/postula/645GxCTfos4yqOY3bmHB?logged_action=apply&register=true
Bodeguero/a Plan Navidad Full Time Preunic - Valdivia Picarte,Preunic,"Valdivia, Los Ríos",0.3101,2026-10-01,https://salcobrand.trabajando.cl/trabajo-empleo/bodeguero-a-plan-navidad-full-time-preunic-valdivia-picarte/trabajo/6130889
Bodeguero/a Plan Navidad | Preunic | La Serena,Preunic,"La Serena, Coquimbo",0.3092,2026-10-01,https://salcobrand.trabajando.cl/trabajo-empleo/bodeguero-a-plan-navidad-preunic-la-serena/trabajo/6130903
Operativo Tienda Sodimac HC Maitencillo Jornada FT42 hrs,Sodimac,"Puchuncaví, Valparaíso, Chile",0.3064,2026-10-01,https://falabella.airavirtual.com/postula/qKh3MQjtnvAtuAbqr3ch?logged_action=apply&register=true
Bodeguero/a Plan Navidad | Preunic | Mall Plaza La Serena,Preunic,"La Serena, Coquimbo",0.3046,2026-10-01,https://salcobrand.trabajando.cl/trabajo-empleo/bodeguero-a-plan-navidad-preunic-mall-plaza-la-serena/trabajo/6131042
Asesor/a de Cliente SAE/ Media Jornada Tardes 5x2 rotativos 30 hrs semanales/ Falabella Valdivia,Falabella Retail,"Valdivia, Los Ríos, Chile",0.3031,2026-10-01,https://falabella.airavirtual.com/postula/JZIVSluA9ZvJ2T5UpRAO?logged_action=apply&register=true
Bodeguero/a Plan Navidad Full Time Preunic - Chillán,Preunic,"Chillán, Ñuble",0.2968,2026-10-01,https://salcobrand.trabajando.cl/trabajo-empleo/bodeguero-a-plan-navidad-full-time-preunic-chillan/trabajo/6130980
Analista Crédito y Cobranza Osorno - plazo Fijo,.,"Puerto Montt, Los Lagos, Chile",0.2965,2026-10-01,https://www.trabajaenccu.cl/trabajo/6131113-analista-credito-y-cobranza-osorno-plazo-fijo
Jefe de Producción - Reñaca,Empresas Carozzi S.A.,"Viña del Mar, Valparaíso",0.2962,2026-10-01,https://carozzi.trabajando.cl/trabajo-empleo/jefe-de-produccion-renaca/trabajo/6131664
Campaign Manager (Reemplazo) - Marketing Loyalty,cencosud,"Santiago, REGION METROPOLITANA, CL",0.2951,2026-10-01,https://cencosud.csod.com/ux/ats/careersite/5/home/requisition/15173?c=cencosud
Bodeguero Grúa Horquilla - Carozzi NOS,Empresas Carozzi S.A.,"San Bernardo, Metropolitana de Santiago",0.2942,2026-10-01,https://carozzi.trabajando.cl/trabajo-empleo/bodeguero-grua-horquilla-carozzi-nos/trabajo/6131530
SubJefe Seguridad Paris - La Florida,cencosud,"Santiago, REGIÓN METROPOLITANA, CL",0.2908,2026-10-01,https://cencosud.csod.com/ux/ats/careersite/5/home/requisition/15171?c=cencosud
SkinExpert Belleza 30 hrs Part Time - Preunic Mall Plaza Antofagasta ,Preunic,"Antofagasta, Antofagasta",0.2898,2026-10-01,https://salcobrand.trabajando.cl/trabajo-empleo/skinexpert-belleza-30-hrs-part-time-preunic-mall-plaza-antofagasta/trabajo/6130647
"Asistente de Visual, FT 42Hrs, Falabella Alto las Condes",Falabella Retail,"Las Condes, Metropolitana, Chile",0.2892,2026-10-01,https://falabella.airavirtual.com/postula/b8fqTJaFaV5pDBVWz9Rn?logged_action=apply&register=true
Asesor/a de Clientes/ Media Jornada Tarde 25 hrs semanales 5x2 rotativos/ Falabella Osorno,Falabella Retail,"Osorno, Los Lagos, Chile",0.2733,2026-10-01,https://falabella.airavirtual.com/postula/TyfYr8TDACzGOy9faokN?logged_action=apply&register=true
Bodeguero/a Plan Navidad Full Time Preunic - Osorno,Preunic,"Osorno, Los Lagos",0.2687,2026-10-01,https://salcobrand.trabajando.cl/trabajo-empleo/bodeguero-a-plan-navidad-full-time-preunic-osorno/trabajo/6130901
"Asistente de Visual, FT 42Hrs, Falabella Melipilla",Falabella Retail,"Melipilla, Metropolitana, Chile",0.2676,2026-10-01,https://falabella.airavirtual.com/postula/w54Myr7MvK1jwXpFW6Uz?logged_action=apply&register=true
Asesor/a de Clientes/ Jornada Part Time Sábados y Domingos 20 hrs semanales/ Americanino La Serena,Falabella Retail,"La Serena, Coquimbo, Chile",0.2659,2026-10-01,https://falabella.airavirtual.com/postula/opmDFKYSApno1xoMDUTo?logged_action=apply&register=true
Asesor/a de clientes/ Media Jornada Tarde 5x2 rotativos 30 hrs semanales/ AMERICANINO LA SERENA,Falabella Retail,"La Serena, Coquimbo, Chile",0.2599,2026-10-01,https://falabella.airavirtual.com/postula/ptJRMVUI3iUgPA1bnRVD?logged_action=apply&register=true
Director Visual | Paris Melipilla,cencosud,"Melipilla, REGIÓN METROPOLITANA, CL",0.2569,2026-10-01,https://cencosud.csod.com/ux/ats/careersite/5/home/requisition/15177?c=cencosud
Subgte Gest Op y Mejora Continua Reemplazo Maternal Easy,cencosud,"Santiago, REGION METROPOLITANA, CL",0.253,2026-10-01,https://cencosud.csod.com/ux/ats/careersite/5/home/requisition/15170?c=cencosud
Product Manager Inteligencia Comercial,Ripley,,0.2203,2026-10-01,https://ripley.csod.com/ux/ats/careersite/4/home/requisition/30694?c=ripley
Gestor/a Territorial Comunitario - Región Metropolitana,cencosud,CL,0.204,2026-10-01,https://cencosud.csod.com/ux/ats/careersite/5/home/requisition/15178?c=cencosud
Gestor/a Territorial Comunitario - V Región,cencosud,CL,0.1942,2026-10-01,https://cencosud.csod.com/ux/ats/careersite/5/home/requisition/15179?c=cencosud
Gestor/a Territorial Comunitario - Temuco,cencosud,"Temuco, REGIÓN DE LA ARAUCANÍA, CL",0.1895,2026-10-01,https://cencosud.csod.com/ux/ats/careersite/5/home/requisition/15180?c=cencosud
Tesorero Financiero(R),Ripley,,0.1773,2026-10-01,https://ripley.csod.com/ux/ats/careersite/4/home/requisition/30159?c=ripley
Brand Designer,Ripley,,0.1411,2026-10-01,https://ripley.csod.com/ux/ats/careersite/4/home/requisition/30389?c=ripley
Jefe/a de Publicación,Ripley,,0.0597,2026-10-01,https://ripley.csod.com/ux/ats/careersite/4/home/requisition/24416?c=ripley
Ejecutivo de Venta Producto Finan. JP 25,Ripley,,0.0571,2026-10-01,https://ripley.csod.com/ux/ats/careersite/4/home/requisition/30575?c=ripley
Project Manager Junior Innovación,Salcobrand,"Providencia, Metropolitana de Santiago",0.4823,2026-09-29,https://salcobrand.trabajando.cl/trabajo-empleo/project-manager-junior-innovacion/trabajo/6130066
Ingeniero Optimización e Inteligencia Logística,Salcobrand,"San Bernardo, Metropolitana de Santiago",0.4718,2026-09-29,https://salcobrand.trabajando.cl/trabajo-empleo/ingeniero-optimizacion-e-inteligencia-logistica/trabajo/6129964
Ingeniero/a de Proyectos Logísticos,Salcobrand,"San Bernardo, Metropolitana de Santiago",0.4687,2026-09-29,https://salcobrand.trabajando.cl/trabajo-empleo/ingeniero-a-de-proyectos-logisticos/trabajo/6129962
Experto en Prevención de Riesgos,Farmacias Ahumada S.A.,"Pudahuel, Metropolitana de Santiago",0.4676,2026-09-29,https://ahumada.trabajando.cl/trabajo-empleo/experto-en-prevencion-de-riesgos/trabajo/6129975
Supervisor/a de Picking - San Bernardo ,Salcobrand,"San Bernardo, Metropolitana de Santiago",0.4641,2026-09-29,https://salcobrand.trabajando.cl/trabajo-empleo/supervisor-a-de-picking-san-bernardo/trabajo/6129959
Analista de Proyectos SAC,Salcobrand,"Las Condes, Metropolitana de Santiago",0.4597,2026-09-29,https://salcobrand.trabajando.cl/trabajo-empleo/analista-de-proyectos-sac/trabajo/6129983
Analista de CRM (Pre y Post Natal) ,Salcobrand,"Providencia, Metropolitana de Santiago",0.4513,2026-09-29,https://salcobrand.trabajando.cl/trabajo-empleo/analista-de-crm-pre-y-post-natal/trabajo/6129991
Product Manager de Marketing,Salcobrand,"Las Condes, Metropolitana de Santiago",0.4452,2026-09-29,https://salcobrand.trabajando.cl/trabajo-empleo/product-manager-de-marketing/trabajo/6129997
Analista Gestión del Cambio - Proyecto,Empresas SB,"Santiago, Metropolitana de Santiago",0.4332,2026-09-29,https://salcobrand.trabajando.cl/trabajo-empleo/analista-gestion-del-cambio-proyecto/trabajo/6129972
Analista Comercial (poca experiencia o recién titulado),Tricot S.A.,"La Reina, Metropolitana de Santiago",0.4176,2026-09-29,https://tricot.trabajando.cl/trabajo-empleo/analista-comercial-poca-experiencia-o-recien-titulado/trabajo/6130057
Category Manager Nuevos Negocios,Medcell,"Las Condes, Metropolitana de Santiago",0.4119,2026-09-29,https://salcobrand.trabajando.cl/trabajo-empleo/category-manager-nuevos-negocios/trabajo/6129970
DermoSkin Full Time - Preunic Mall Plaza Iquique,Preunic,"Iquique, Tarapacá",0.4112,2026-09-29,https://salcobrand.trabajando.cl/trabajo-empleo/dermoskin-full-time-preunic-mall-plaza-iquique/trabajo/6129819
Auxiliar de Farmacia Integral Part Time - Iquique,Salcobrand,"Iquique, Tarapacá",0.4091,2026-09-29,https://salcobrand.trabajando.cl/trabajo-empleo/auxiliar-de-farmacia-integral-part-time-iquique/trabajo/6130368
Product Manager Nuevos Negocios,Medcell,"Vitacura, Metropolitana de Santiago",0.4021,2026-09-29,https://salcobrand.trabajando.cl/trabajo-empleo/product-manager-nuevos-negocios/trabajo/6129967
Certificador QA,Salcobrand,"Santiago, Metropolitana de Santiago",0.3963,2026-09-29,https://salcobrand.trabajando.cl/trabajo-empleo/certificador-qa/trabajo/6129958
Visual retail Coquimbo ,Tricot S.A.,"Coquimbo, Coquimbo",0.3951,2026-09-29,https://tricot.trabajando.cl/trabajo-empleo/visual-retail-coquimbo/trabajo/6129856
Supervisor/a de Consumo,Salcobrand,"Santiago, Metropolitana de Santiago",0.3949,2026-09-29,https://salcobrand.trabajando.cl/trabajo-empleo/supervisor-a-de-consumo/trabajo/6130000
Analista de Control de Gestión Transporte,Salcobrand,"San Bernardo, Metropolitana de Santiago",0.3924,2026-09-29,https://salcobrand.trabajando.cl/trabajo-empleo/analista-de-control-de-gestion-transporte/trabajo/6129998
Reponedor(a) Full Time - Concón,Salcobrand,"Concon, Valparaíso",0.3924,2026-09-29,https://salcobrand.trabajando.cl/trabajo-empleo/reponedor-a-full-time-concon/trabajo/6130260
Químico Farmacéutico Machalí,Farmacias Ahumada S.A.,"Machalí, Lib. Gral. Bdo. O'Higgins",0.3845,2026-09-29,https://ahumada.trabajando.cl/trabajo-empleo/quimico-farmaceutico-machali/trabajo/6130123
Analista de Gestión de Gastos y Eficiencia,Salcobrand,"Providencia, Metropolitana de Santiago",0.3827,2026-09-29,https://salcobrand.trabajando.cl/trabajo-empleo/analista-de-gestion-de-gastos-y-eficiencia/trabajo/6130168
Jefe/a Administrativo de RRHH (Centro de Distribución),Salcobrand,"San Bernardo, Metropolitana de Santiago",0.3805,2026-09-29,https://salcobrand.trabajando.cl/trabajo-empleo/jefe-a-administrativo-de-rrhh-centro-de-distribucion/trabajo/6129994
Servicio de Apoyo Logístico en farmacia - La Reina,Farmacias Ahumada S.A.,"La Reina, Metropolitana de Santiago",0.3801,2026-09-29,https://ahumada.trabajando.cl/trabajo-empleo/servicio-de-apoyo-logistico-en-farmacia-la-reina/trabajo/6130108
Reponedor(a) Full Time - Las Condes,Salcobrand,"Las Condes, Metropolitana de Santiago",0.378,2026-09-29,https://salcobrand.trabajando.cl/trabajo-empleo/reponedor-a-full-time-las-condes/trabajo/6130262
Auxiliar de Farmacia Integral - Iquique (Licencia prolongada),Salcobrand,"Iquique, Tarapacá",0.3748,2026-09-29,https://salcobrand.trabajando.cl/trabajo-empleo/auxiliar-de-farmacia-integral-iquique-licencia-prolongada/trabajo/6130361
Servicio de Apoyo Logístico en farmacia - Lo Barnechea,Farmacias Ahumada S.A.,"Lo Barnechea, Metropolitana de Santiago",0.374,2026-09-29,https://ahumada.trabajando.cl/trabajo-empleo/servicio-de-apoyo-logistico-en-farmacia-lo-barnechea/trabajo/6129863
Ingeniero de Desarrollo de Productos Junior - Reemplazo Pre y Post Natal,Empresas Carozzi S.A.,"San Bernardo, Metropolitana de Santiago",0.3729,2026-09-29,https://carozzi.trabajando.cl/trabajo-empleo/ingeniero-de-desarrollo-de-productos-junior-reemplazo-pre-y-post-natal/trabajo/6130193
Químico(a) Farmacéutico(a) Full Time - Vitacura,Salcobrand,"Vitacura, Metropolitana de Santiago",0.3609,2026-09-29,https://salcobrand.trabajando.cl/trabajo-empleo/quimico-a-farmaceutico-a-full-time-vitacura/trabajo/6130240
Jefe de Diseño de Experiencia de Clientes,Salcobrand,"Santiago, Metropolitana de Santiago",0.3566,2026-09-29,https://salcobrand.trabajando.cl/trabajo-empleo/jefe-de-diseno-de-experiencia-de-clientes/trabajo/6129985
Ingeniero de Desarrollo de Productos Senior - Helados,Carozzi,"San Bernardo, Metropolitana de Santiago",0.356,2026-09-29,https://carozzi.trabajando.cl/trabajo-empleo/ingeniero-de-desarrollo-de-productos-senior-helados/trabajo/6130025
Liquidador de salud remoto,Empresas SB,"Santiago, Metropolitana de Santiago",0.3329,2026-09-29,https://salcobrand.trabajando.cl/trabajo-empleo/liquidador-de-salud-remoto/trabajo/6129986
Subjefe de Tienda - Casaideas Copiapó,Casaideas,"Copiapó, Atacama",0.3281,2026-09-29,https://casaideas.trabajando.cl/trabajo-empleo/subjefe-de-tienda-casaideas-copiapo/trabajo/6130380
Auxiliar de Farmacia 20hrs - Lo Barnechea,Farmacias Ahumada S.A.,"Lo Barnechea, Metropolitana de Santiago",0.3267,2026-09-29,https://ahumada.trabajando.cl/trabajo-empleo/auxiliar-de-farmacia-20hrs-lo-barnechea/trabajo/6129862
Auxiliar de Farmacia Integral - La Serena (Licencia prolongada),Salcobrand,"La Serena, Coquimbo",0.3214,2026-09-29,https://salcobrand.trabajando.cl/trabajo-empleo/auxiliar-de-farmacia-integral-la-serena-licencia-prolongada/trabajo/6130365
Agente de Ventas Instituciones - Recetario Magistral,Salcobrand,"Santiago, Metropolitana de Santiago",0.3061,2026-09-29,https://salcobrand.trabajando.cl/trabajo-empleo/agente-de-ventas-instituciones-recetario-magistral/trabajo/6130340
Auxiliar de Farmacia 42hrs - El Quisco,Farmacias Ahumada S.A.,"El Quisco, Valparaíso",0.3001,2026-09-29,https://ahumada.trabajando.cl/trabajo-empleo/auxiliar-de-farmacia-42hrs-el-quisco/trabajo/6130081
Project Manager Ingeniería,Falabella Retail,"San Bernardo, Metropolitana, Chile",0.4513,2026-09-28,https://falabella.airavirtual.com/postula/62yl0nfH4xuSms9N38CZ?logged_action=apply&register=true
Product Analyst,Falabella Corporativo,"Las Condes, Metropolitana, Chile",0.4394,2026-09-28,https://falabella.airavirtual.com/postula/eOHTMQ8tabUEIWHOWe75?logged_action=apply&register=true
Project Manager,Falabella Retail,"Santiago, Metropolitana, Chile",0.4299,2026-09-28,https://falabella.airavirtual.com/postula/sY25daWGW1ViJmXHg8Qp?logged_action=apply&register=true
Transformation Analyst,Falabella Corporativo,"Las Condes, Metropolitana, Chile",0.4086,2026-09-28,https://falabella.airavirtual.com/postula/wkLuserQKEDA4qIfR9BR?logged_action=apply&register=true
Asesor/a de clientes/ Media Jornada Tarde 30hrs 5x2 rotativos/ Mango de Los Dominicos,Falabella Retail,"Santiago, Metropolitana, Chile",0.4074,2026-09-28,https://falabella.airavirtual.com/postula/ZKodIMTAB2WvTLb0SP2s?logged_action=apply&register=true
"Asesor/a de Clientes / MJM 30 hrs, 5x2 / Falabella Ahumada",Falabella Retail,"Las Condes, Metropolitana, Chile",0.4037,2026-09-28,https://falabella.airavirtual.com/postula/CMyFJohl5n2HPC4NLE02?logged_action=apply&register=true
Asesor/Especialista Marca Americanino/ Jornada Full Time 5x2 rotativos/  Falabella Plaza Egaña,Falabella Retail,"Santiago, Metropolitana, Chile",0.4025,2026-09-28,https://falabella.airavirtual.com/postula/DOF4ACNJhzuehSg2Wph0?logged_action=apply&register=true
Software Architect,Falabella Corporativo,"Santiago, Metropolitana, Chile",0.4019,2026-09-28,https://falabella.airavirtual.com/postula/Hxtqxkz8WvXcltuBONVZ?logged_action=apply&register=true
Coordinador/a Senior de Desarrollo y Formación de Talento,Banco Falabella,"Santiago, Metropolitana, Chile",0.3997,2026-09-28,https://falabella.airavirtual.com/postula/p1P7EGuN6t3e750CtAlm?logged_action=apply&register=true
Project Manager Venta Omnicanal,Falabella Retail,"Las Condes, Metropolitana, Chile",0.3982,2026-09-28,https://falabella.airavirtual.com/postula/qZIC17B2xqy8tz8dN1uk?logged_action=apply&register=true
Asesor/a de Clientes/ Part Time Sábados y Domingos 20 hrs semanales/ La Martina de Parque Arauco,Falabella Retail,"Las Condes, Metropolitana, Chile",0.396,2026-09-28,https://falabella.airavirtual.com/postula/vz7qijPji4ANcXRWBhVR?logged_action=apply&register=true
Senior Fullstack Software Engineer,Falabella Corporativo,"Santiago, Metropolitana, Chile",0.3954,2026-09-28,https://falabella.airavirtual.com/postula/8aKdlax6RUmghEInsvBJ?logged_action=apply&register=true
Senior Full Stack Engineer,Falabella Corporativo,"Santiago, Metropolitana, Chile",0.3923,2026-09-28,https://falabella.airavirtual.com/postula/JUj4ZhwacsBIPWZfSknn?logged_action=apply&register=true
Product Manager de Canales,Banco Falabella,"Las Condes, Metropolitana, Chile",0.3905,2026-09-28,https://falabella.airavirtual.com/postula/rmhCuJ5iUk3ETqOGLGEO?logged_action=apply&register=true
Asesor/a de Clientes / PT 20 hrs Viernes y Sabados / Falabella Ahumada,Falabella Retail,"Santiago, Metropolitana, Chile",0.3899,2026-09-28,https://falabella.airavirtual.com/postula/QLAp9byJK9XZqwJoOlP8?logged_action=apply&register=true
"Analista Gestión, Gerencia SAC",Falabella Retail,"Las Condes, Metropolitana, Chile",0.3691,2026-09-28,https://falabella.airavirtual.com/postula/vTneJiNI6zLYpA6e3i2l?logged_action=apply&register=true
Subgerente de Tienda SHC El Bosque,Sodimac,"El Bosque, Metropolitana, Chile",0.3656,2026-09-28,https://falabella.airavirtual.com/postula/YpjEtiJHWBx9bT6IBcZO?logged_action=apply&register=true
Prevencionista de Riesgos - Super 10 Región Metropolitana,Super 10,"Santiago, Metropolitana de Santiago",0.3632,2026-09-28,https://smu.trabajando.cl/trabajo-empleo/prevencionista-de-riesgos-super-10-region-metropolitana/trabajo/6130413
📈 Product Manager | Paris,cencosud,"Santiago, REGION METROPOLITANA, CL",0.3628,2026-09-28,https://cencosud.csod.com/ux/ats/careersite/5/home/requisition/15162?c=cencosud
Abastecimiento Navidad 2026 // Jornada Full Time Lunes a Viernes // Fallabella Portal La Dehesa,Falabella Retail,"Lo Barnechea, Metropolitana, Chile",0.3572,2026-09-28,https://falabella.airavirtual.com/postula/PJm2TuwtzE8o8xR0YPXN?logged_action=apply&register=true
Makeup Artist Jornada PT20 SD Beauty F SA Viña del Mar,Falabella Retail,"Viña del Mar, Valparaíso, Chile",0.354,2026-09-28,https://falabella.airavirtual.com/postula/3KChwIeR1SxaG2Y2KDRu?logged_action=apply&register=true
Relator(a) Senior,SMU,"Ñuñoa, Metropolitana de Santiago",0.3481,2026-09-28,https://smu.trabajando.cl/trabajo-empleo/relator-a-senior/trabajo/6130219
Makeup Artist Jornada MJT30 5x2 Beauty F SA Viña del Mar,Falabella Retail,"Viña del Mar, Valparaíso, Chile",0.3425,2026-09-28,https://falabella.airavirtual.com/postula/NmB3Jkd1B3cErcktnGwz?logged_action=apply&register=true
Auditor(a) - Relator(a) de Calidad e Inocuidad Alimentaria (Terreno) - Temuco,SMU,"Temuco, La Araucanía",0.34,2026-09-28,https://smu.trabajando.cl/trabajo-empleo/auditor-a-relator-a-de-calidad-e-inocuidad-alimentaria-terreno-temuco/trabajo/6130298
Auditor(a) - Relator(a) de Calidad e Inocuidad Alimentaria (Terreno) - La Serena,SMU,"Temuco, La Araucanía",0.3383,2026-09-28,https://smu.trabajando.cl/trabajo-empleo/auditor-a-relator-a-de-calidad-e-inocuidad-alimentaria-terreno-la-serena/trabajo/6130300
Makeup Artist Jornada FT42 5x2 Beauty F SA Viña del Mar,Falabella Retail,"Viña del Mar, Valparaíso, Chile",0.3359,2026-09-28,https://falabella.airavirtual.com/postula/auvKuqm3lMk06cBnOYi8?logged_action=apply&register=true
Subgerente Desarrollo de MMPP Food,cencosud,"Santiago, REGION METROPOLITANA, CL",0.3353,2026-09-28,https://cencosud.csod.com/ux/ats/careersite/5/home/requisition/15163?c=cencosud
Skincare Expert Jornada Full Time 42 horas 5x2 Tienda Beauty F SA Viña del Mar,Falabella Retail,"Viña del Mar, Valparaíso, Chile",0.3325,2026-09-28,https://falabella.airavirtual.com/postula/Ign7YFCJEm4tAtpY2CTg?logged_action=apply&register=true
Guardia de Seguridad Beauty F Marina Stand Alone FT 5X2 Viña del Mar,Falabella Retail,"Viña del Mar, Valparaíso, Chile",0.3303,2026-09-28,https://falabella.airavirtual.com/postula/GIiFA3jIARygpM4ePlCn?logged_action=apply&register=true
"Ejecutivo/a Banca Telefónica, Hibrido, Banco Falabella",Banco Falabella,"Santiago, Metropolitana, Chile",0.329,2026-09-28,https://falabella.airavirtual.com/postula/z9zstssZiwKblQbQV73I?logged_action=apply&register=true
"Ejecutivo/a Banca Telefónica, Hibrido, Banco Falabella",Banco Falabella,"Santiago, Metropolitana, Chile",0.3288,2026-09-28,https://falabella.airavirtual.com/postula/20Nrii0NOht3VgAEiZvS?logged_action=apply&register=true
"Ejecutivo/a Banca Telefónica, Hibrido, Banco Falabella",Banco Falabella,"Santiago, Metropolitana, Chile",0.3285,2026-09-28,https://falabella.airavirtual.com/postula/g8jIxExkSyrt98kdLWVY?logged_action=apply&register=true
"Ejecutivo/a Banca Telefónica, Hibrido, Banco Falabella",Banco Falabella,"Santiago, Metropolitana, Chile",0.3285,2026-09-28,https://falabella.airavirtual.com/postula/n8LLb7tgZuxoOi6GZo4c?logged_action=apply&register=true
"Ejecutivo/a Banca Telefónica, Hibrido, Banco Falabella",Banco Falabella,"Santiago, Metropolitana, Chile",0.3279,2026-09-28,https://falabella.airavirtual.com/postula/GOuEpYu06JpvcaaBVUFT?logged_action=apply&register=true
Skincare Expert Jornada MJT 30 horas 5x2 Tienda Beauty F SA Viña del Mar,Falabella Retail,"Viña del Mar, Valparaíso, Chile",0.3243,2026-09-28,https://falabella.airavirtual.com/postula/gtWzdW0YmfI8eS7LM6zy?logged_action=apply&register=true
"Asesor/a de Clientes / Full Time 42 Hrs, 5x2 / Falabella Ahumada",Falabella Retail,"Santiago, Metropolitana, Chile",0.3217,2026-09-28,https://falabella.airavirtual.com/postula/h9W9gwO1A9BW8HXT6DgO?logged_action=apply&register=true
Asesor/a de Clientes/ Jornada Part Time sábados y domingos 20 hrs semanales/ Falabella Valdivia,Falabella Retail,"Valdivia, Los Ríos, Chile",0.3182,2026-09-28,https://falabella.airavirtual.com/postula/1hyt3IK0xyHEUU3TnfxI?logged_action=apply&register=true
"Asesor/a de Clientes / MJT 30 hrs, 5x2 / Falabella Ahumada",Falabella Retail,"Santiago, Metropolitana, Chile",0.3162,2026-09-28,https://falabella.airavirtual.com/postula/0bl7GgMRetqzN02Ej6P1?logged_action=apply&register=true
Asesor/a de Clientes/ Jornada Part Time sábados y domingos 20 hrs semanales/ Falabella Valdivia,Falabella Retail,"Valdivia, Los Ríos, Chile",0.3111,2026-09-28,https://falabella.airavirtual.com/postula/PGnPIpQ6h7ypvxVvO4N4?logged_action=apply&register=true
Asesor/a de Clientes SAE/ Media Jornada Tarde 5x2 rotativos 30 hrs semanales/ Falabella Valdivia,Falabella Retail,"Valdivia, Los Ríos, Chile",0.3035,2026-09-28,https://falabella.airavirtual.com/postula/Jkt0AsUI5PTYep81n7tJ?logged_action=apply&register=true
Tecnico Operador Climatización Cenco Malls,cencosud,CL,0.2859,2026-09-28,https://cencosud.csod.com/ux/ats/careersite/5/home/requisition/15165?c=cencosud
Product Manager Operaciones,Ripley,,0.2445,2026-09-28,https://ripley.csod.com/ux/ats/careersite/4/home/requisition/30519?c=ripley
Sub Gerente de Ventas- Paris Barros Arana,cencosud,"Concepcion, REGIÓN DEL BIO-BÍO, CL",0.1985,2026-09-28,https://cencosud.csod.com/ux/ats/careersite/5/home/requisition/15168?c=cencosud
Ejecutivo de Venta Producto Financiero(R),Ripley,,0.1224,2026-09-28,https://ripley.csod.com/ux/ats/careersite/4/home/requisition/30266?c=ripley
Ejecutivo de Venta Producto Financiero(R),Ripley,,0.1224,2026-09-28,https://ripley.csod.com/ux/ats/careersite/4/home/requisition/29204?c=ripley
Analista de Operaciones,Ripley,,0.1101,2026-09-28,https://ripley.csod.com/ux/ats/careersite/4/home/requisition/30554?c=ripley
Ejecutivo de Venta Producto Financiero,Ripley,,0.1057,2026-09-28,https://ripley.csod.com/ux/ats/careersite/4/home/requisition/30324?c=ripley
Asistente Comercial Pt 18,Ripley,,0.0932,2026-09-28,https://ripley.csod.com/ux/ats/careersite/4/home/requisition/30142?c=ripley
Tech Team Lead,Banco Falabella,"Las Condes, Metropolitana, Chile",0.3602,2026-09-27,https://falabella.airavirtual.com/postula/dvW3hTDYew7kFPMDhlKt?logged_action=apply&register=true
Abastecimiento Navidad 2026/ Jornada Full Time 42 horas semanales de lunes a viernes/ Falabella Curicó,Falabella Retail,"Curicó, Maule, Chile",0.3328,2026-09-27,https://falabella.airavirtual.com/postula/JbQhWEWaSLQPIRtEYXbi?logged_action=apply&register=true
Asesor/a de Cliente SAE/ Media Jornada Tarde 5x2 rotativos 30 hrs semanales/ Falabella Valdivia,Falabella Retail,"Valdivia, Los Ríos, Chile",0.3008,2026-09-27,https://falabella.airavirtual.com/postula/DszmT5xqpLyK0JAD02Yv?logged_action=apply&register=true
Asesor de Clientes Especialista/ Jornada Full Time 5x2 42 hrs semanales/ Falabella Viña del Mar Mall,Falabella Retail,"Viña del Mar, Valparaíso, Chile",0.3758,2026-09-26,https://falabella.airavirtual.com/postula/QFSlOqumjl23loHsDSlb?logged_action=apply&register=true
Asistente de Bodega/ Jornada Part Time sábados y domingos/ 20 hrs semanales/ Falabella Costanera,Falabella Retail,"Santiago, Metropolitana, Chile",0.3714,2026-09-26,https://falabella.airavirtual.com/postula/l7HD0KyAbUMRxbj8gev4?logged_action=apply&register=true
Asesor/a de Cliente SAE Área de Cajas/ Media Jornada Tarde 5X2 rotativos 25 hrs semanales/ Tienda Falabella Calama,Falabella Retail,"Calama, Antofagasta, Chile",0.3038,2026-09-26,https://falabella.airavirtual.com/postula/JXUCzTwXh6aacdijYkRq?logged_action=apply&register=true
