title,team,location,posted_date,job_id,source,first_seen_date,last_seen_date,semantic_similarity,url,description,workplace_type
Subgerente de Service Center - Mercado Envíos,Shipping,"Santiago,Chile",2026-08-04,43651411,mercadolibre,2026-08-05,2026-08-05,0.3135,https://mercadolibre.eightfold.ai/careers/job/43651411,,onsite
Software Engineer Back End,IT,"Región Metropolitana de Santiago,Chile",2026-08-04,43124651,mercadolibre,2026-08-04,2026-08-05,0.3848,https://mercadolibre.eightfold.ai/careers/job/43124651,,onsite
Gerente Cross Dock - Mercado Envíos,Shipping,"Santiago,Chile",2026-08-04,43651409,mercadolibre,2026-08-04,2026-08-05,0.2616,https://mercadolibre.eightfold.ai/careers/job/43651409,,onsite
Subgerente Cross Docking - Mercado Envíos,Shipping,"Santiago,Chile",2026-08-04,43651415,mercadolibre,2026-08-04,2026-08-05,0.2447,https://mercadolibre.eightfold.ai/careers/job/43651415,,onsite
Ejecución de Fuerza de Venta Directa - Fintech,Fintech,"Región del Biobío,Chile",2026-08-03,40706993,mercadolibre,2026-08-03,2026-08-04,0.2736,https://mercadolibre.eightfold.ai/careers/job/40706993,,onsite
Ejecución de Fuerza de Venta Directa - Fintech,Fintech,"Región de Valparaíso,Chile",2026-08-03,40685936,mercadolibre,2026-08-03,2026-08-04,0.3556,https://mercadolibre.eightfold.ai/careers/job/40685936,,onsite
Ejecución de Fuerza de Venta Directa - Fintech,Fintech,"Región del Maule,Chile",2026-08-03,40685953,mercadolibre,2026-08-03,2026-08-04,0.3592,https://mercadolibre.eightfold.ai/careers/job/40685953,,onsite
Ejecución de Fuerza Venta Directa - Mercado Pago,Fintech,"Región de Antofagasta,Chile",2026-08-03,38964442,mercadolibre,2026-08-03,2026-08-04,0.3653,https://mercadolibre.eightfold.ai/careers/job/38964442,,onsite
Ejecución de Fuerza de Venta Directa - Fintech,Fintech,"Región de Antofagasta,Chile",2026-08-03,40703699,mercadolibre,2026-08-03,2026-08-04,0.3542,https://mercadolibre.eightfold.ai/careers/job/40703699,,onsite
Ejecución de Fuerza de Venta Directa - Fintech,Fintech,"Región del Maule,Chile",2026-08-03,40706852,mercadolibre,2026-08-03,2026-08-04,0.3594,https://mercadolibre.eightfold.ai/careers/job/40706852,,onsite
Analista Senior de Entrenamiento Operacional - Mercado Envíos,Shipping,"Santiago,Chile",2026-08-01,43622053,mercadolibre,2026-08-01,2026-08-03,0.383,https://mercadolibre.eightfold.ai/careers/job/43622053,,onsite
Líder de Equipo de Operaciones Turno Mañana - Mercado Envíos,Shipping,"Región Metropolitana de Santiago,Chile; Santiago, Santiago Metropolitan Region, CL",2026-08-01,43550044,mercadolibre,2026-08-01,2026-08-03,0.3676,https://mercadolibre.eightfold.ai/careers/job/43550044,,onsite
Líder de Equipo de Operaciones Turno Noche - Mercado Envíos,Shipping,"Región Metropolitana de Santiago,Chile",2026-07-30,43550901,mercadolibre,2026-07-30,2026-07-31,0.3591,https://mercadolibre.eightfold.ai/careers/job/43550901,,onsite
Líder de Equipo de Ingeniería de Planta - Mercado Envíos,Shipping,"Región Metropolitana de Santiago,Chile",2026-07-30,43597958,mercadolibre,2026-07-30,2026-07-31,0.3534,https://mercadolibre.eightfold.ai/careers/job/43597958,,onsite
Líder de Equipo de Operaciones Turno Tarde - Mercado Envíos,Shipping,"Región Metropolitana de Santiago,Chile",2026-07-30,43550908,mercadolibre,2026-07-30,2026-07-31,0.365,https://mercadolibre.eightfold.ai/careers/job/43550908,,onsite
Sr Software Engineer Backend,IT,"Santiago,Chile",2026-07-29,43220074,mercadolibre,2026-07-29,2026-07-30,0.3777,https://mercadolibre.eightfold.ai/careers/job/43220074,,onsite
Analista de Centro de Control y Monitoreo - Mercado Envíos,Shipping,"Región Metropolitana de Santiago,Chile",2026-07-29,43551592,mercadolibre,2026-07-29,2026-07-30,0.3587,https://mercadolibre.eightfold.ai/careers/job/43551592,,onsite
Analista de Prevención y Control de Pérdidas - Mercado Envíos,Shipping,"Región Metropolitana de Santiago,Chile",2026-07-29,43169432,mercadolibre,2026-07-29,2026-07-30,0.3748,https://mercadolibre.eightfold.ai/careers/job/43169432,,onsite
Team Leader para Fuerza de Venta Directa - Fintech,Fintech,"Región del Libertador General Bernardo O’Higgins,Chile",2026-07-29,41172293,mercadolibre,2026-07-29,2026-07-30,0.3581,https://mercadolibre.eightfold.ai/careers/job/41172293,,onsite
Líder de Equipo para Fuerza de Venta Directa - Fintech,Fintech,"Región del Biobío,Chile",2026-07-29,41273279,mercadolibre,2026-07-29,2026-07-30,0.2807,https://mercadolibre.eightfold.ai/careers/job/41273279,,hybrid
Especialista de Engagment & Growth - Marketing,Marketing,"Santiago,Chile",2026-07-28,41505886,mercadolibre,2026-07-28,2026-07-29,0.3917,https://mercadolibre.eightfold.ai/careers/job/41505886,,hybrid
Líder de Equipo de Operaciones Part Time 20 hrs.,Shipping,"Región Metropolitana de Santiago,Chile",2026-07-27,42291519,mercadolibre,2026-07-27,2026-07-28,0.3771,https://mercadolibre.eightfold.ai/careers/job/42291519,,onsite
Especialista de Proyectos de Operaciones Aéreas - Mercado Envíos,Shipping,"Santiago,Chile",2026-07-24,43315627,mercadolibre,2026-07-24,2026-07-28,0.3933,https://mercadolibre.eightfold.ai/careers/job/43315627,,onsite
Subgerente de Growth y Estrategia para Real Estate - Marketplace VIS,Marketplace,"Región Metropolitana de Santiago,Chile",2026-07-23,42030466,mercadolibre,2026-07-23,2026-07-24,0.4424,https://mercadolibre.eightfold.ai/careers/job/42030466,,hybrid
Senior Software Engineer Backend - VIS,IT,"Santiago,Chile",2026-07-23,43300605,mercadolibre,2026-07-23,2026-07-24,0.3599,https://mercadolibre.eightfold.ai/careers/job/43300605,,onsite
Analista de Administración y Payroll para Mercado Envíos,People,"Región Metropolitana de Santiago,Chile",2026-07-23,43118404,mercadolibre,2026-07-23,2026-07-24,0.3737,https://mercadolibre.eightfold.ai/careers/job/43118404,,onsite
Supervisión de Administración y Payroll para Mercado Envíos,People,"Región Metropolitana de Santiago,Chile",2026-07-23,37880495,mercadolibre,2026-07-23,2026-07-24,0.3896,https://mercadolibre.eightfold.ai/careers/job/37880495,,onsite
Team Leader para Fuerza de Venta Directa - Fintech,Fintech,"Región Metropolitana de Santiago,Chile",2026-07-22,41278781,mercadolibre,2026-07-22,2026-07-23,0.357,https://mercadolibre.eightfold.ai/careers/job/41278781,,hybrid
Backend Software Engineer - Mercado Ads - IT,IT,"Santiago,Chile",2026-07-22,43315791,mercadolibre,2026-07-22,2026-07-23,0.374,https://mercadolibre.eightfold.ai/careers/job/43315791,,onsite
Especialista de Payroll y Administración,People,"Región Metropolitana de Santiago,Chile",2026-07-21,43293772,mercadolibre,2026-07-21,2026-07-22,0.344,https://mercadolibre.eightfold.ai/careers/job/43293772,,onsite
Analista contable SR - Fintech,Finance,"Región Metropolitana de Santiago,Chile",2026-07-21,43299453,mercadolibre,2026-07-21,2026-07-22,0.4086,https://mercadolibre.eightfold.ai/careers/job/43299453,,onsite
Analista Comercial Senior Categoría Belleza - Marketplace,Marketplace,"Santiago,Chile",2026-07-20,43159365,mercadolibre,2026-07-20,2026-07-21,0.3843,https://mercadolibre.eightfold.ai/careers/job/43159365,,onsite
Especialista de Retrieval - Mercado Ads,Advertising,"Buenos Aires,Argentina; san pablo brasil; chile",2026-07-17,43190095,mercadolibre,2026-07-17,2026-07-21,0.3471,https://mercadolibre.eightfold.ai/careers/job/43190095,,hybrid
Tax Specialist,Finance,"Región Metropolitana de Santiago,Chile",2026-07-17,43221247,mercadolibre,2026-07-17,2026-07-20,0.3357,https://mercadolibre.eightfold.ai/careers/job/43221247,,onsite
Analista Senior de Diseño de Ingeniería - Mercado Envíos,Shipping,"Santiago,Chile",2026-07-17,43194626,mercadolibre,2026-07-17,2026-07-20,0.3747,https://mercadolibre.eightfold.ai/careers/job/43194626,,onsite
Analista de Operaciones - Mercado Envios,Shipping,"Región del Biobío,Chile",2026-07-17,43141994,mercadolibre,2026-07-17,2026-07-20,0.3517,https://mercadolibre.eightfold.ai/careers/job/43141994,,onsite
Gerente de Administración y Payroll para Mercado Envíos,People,"Región Metropolitana de Santiago,Chile",2026-07-17,41726802,mercadolibre,2026-07-17,2026-07-20,0.366,https://mercadolibre.eightfold.ai/careers/job/41726802,,onsite
Software Engineer - Backend,IT,"Santiago,Chile",2026-07-15,42343450,mercadolibre,2026-07-15,2026-07-17,0.3803,https://mercadolibre.eightfold.ai/careers/job/42343450,,onsite
Subgerencia de estrategia comercial para pagos digitales - Fintech,Fintech,"Región Metropolitana de Santiago,Chile",2026-07-14,41903333,mercadolibre,2026-07-14,2026-07-15,0.4297,https://mercadolibre.eightfold.ai/careers/job/41903333,,onsite
Subgerencia de Adquisición de Grandes Cuentas - Fintech,Fintech,"Santiago,Chile",2026-07-13,40688167,mercadolibre,2026-07-13,2026-07-14,0.3685,https://mercadolibre.eightfold.ai/careers/job/40688167,,onsite
Analista Senior de Performance Operacional - Mercado Envíos,Shipping,"Santiago,Chile",2026-07-11,42873686,mercadolibre,2026-07-12,2026-07-14,0.4066,https://mercadolibre.eightfold.ai/careers/job/42873686,,onsite
Asistente de Transporte Media Milla - Mercado Envíos,Shipping,"Región Metropolitana de Santiago,Chile",2026-02-19,40327911,mercadolibre,2026-06-25,2026-08-05,0.3637,https://mercadolibre.eightfold.ai/careers/job/40327911,,onsite
